pid,model,rank,elpd_waic,p_waic,elpd_diff,weight,se,dse,warning,divergences,discontinuities
546ec14dfdf99b2bc7ebd032,RWModel,0.0,-20.94971116015222,1.5133564472198486,0.0,0.7877382912585063,4.512362239755064,0.0,1.0,0.0,0.0
546ec14dfdf99b2bc7ebd032,Bayes,1.0,-22.6610703880433,1.578529953956604,1.71135922789108,3.2446644467521263e-16,3.973672324120074,2.7461094444111738,0.0,0.0,0.0
546ec14dfdf99b2bc7ebd032,WSLS,2.0,-26.078509408514947,0.8602639436721802,5.128798248362728,0.2122617087414934,4.751703061329085,4.500841963549897,0.0,0.0,0.0
548491acfdf99b0379939cc0,RWModel,0.0,-17.74433755859718,0.4076261520385742,0.0,1.0,2.823323755415186,0.0,0.0,0.0,0.0
548491acfdf99b0379939cc0,Bayes,1.0,-23.78821592067834,3.36506986618042,6.043878362081159,1.6042722705833512e-14,3.802352734586953,2.344923880871471,1.0,0.0,0.0
548491acfdf99b0379939cc0,WSLS,2.0,-27.82765832776204,0.9680572152137756,10.083320769164857,0.0,4.658823319772881,4.559216805455311,0.0,0.0,0.0
557e6713fdf99b66d60a2da8,Bayes,0.0,-22.287197776837274,1.5724928379058838,0.0,0.0,4.315816047988384,0.0,0.0,0.0,0.0
557e6713fdf99b66d60a2da8,WSLS,1.0,-22.4948311757762,0.9825410842895508,0.207633398938924,0.7393967304656006,5.0628530984146325,1.812557742501233,0.0,0.0,0.0
557e6713fdf99b66d60a2da8,RWModel,2.0,-25.171208034842493,1.463066816329956,2.884010258005219,0.2606032695343994,4.984859697344673,2.2819623409552454,1.0,0.0,0.0
55895b93fdf99b6bd06017c4,RWModel,0.0,-24.183514664895483,1.5412306785583496,0.0,0.790314303705098,4.838644954377999,0.0,1.0,0.0,0.0
55895b93fdf99b6bd06017c4,Bayes,1.0,-26.741476421477277,1.9533157348632808,2.55796175658179,4.6022288177738496e-15,3.74225883971037,2.4035979095581945,0.0,0.0,0.0
55895b93fdf99b6bd06017c4,WSLS,2.0,-29.371251144446436,0.9849405288696288,5.187736479550949,0.2096856962948974,4.501720731967759,4.426703857912087,0.0,0.0,0.0
5599b975fdf99b37246adc79,WSLS,0.0,-39.7408690340817,0.7376260757446289,0.0,0.6789930749782432,2.257736818683081,0.0,0.0,0.0,0.0
5599b975fdf99b37246adc79,Bayes,1.0,-39.95353227388114,0.9060984253883362,0.2126632397994399,0.3210069250217569,1.5726361299018976,1.1045866559611692,0.0,0.0,0.0
5599b975fdf99b37246adc79,RWModel,2.0,-41.24162306354265,0.7208072543144226,1.5007540294609498,0.0,1.071133959158613,1.73602731519889,0.0,0.0,0.0
559b1e92fdf99b426abb6227,Bayes,0.0,-40.52666279161349,1.192451000213623,0.0,1.0,0.9880137033079996,0.0,0.0,0.0,0.0
559b1e92fdf99b426abb6227,RWModel,1.0,-41.57297982182909,0.325433611869812,1.0463170302156035,1.942890293094024e-15,0.5825987333825594,1.3218052514537155,0.0,0.0,0.0
559b1e92fdf99b426abb6227,WSLS,2.0,-42.31623424240388,0.1563870012760162,1.7895714507903904,0.0,0.4938931098842697,1.449038418573988,0.0,0.0,0.0
55a4323dfdf99b02ff6caf81,RWModel,0.0,-37.34611147265797,1.6486822366714478,0.0,0.947981441704157,3.0178187134660988,0.0,0.0,0.0,0.0
55a4323dfdf99b02ff6caf81,Bayes,1.0,-39.63711865292862,1.1286271810531616,2.291007180270655,1.5435786531983406e-16,1.9966341568427184,2.129286980565196,0.0,0.0,0.0
55a4323dfdf99b02ff6caf81,WSLS,2.0,-40.255246941931546,0.7502077221870422,2.90913546927358,0.0520185582958429,2.0622362678527506,2.4583259215259914,0.0,0.0,0.0
55a43cf3fdf99b02ff6cb0b4,Bayes,0.0,-23.34141259593889,1.409753680229187,0.0,4.939146484913712e-17,3.980719663349092,0.0,0.0,0.0,0.0
55a43cf3fdf99b02ff6cb0b4,RWModel,1.0,-24.017592934684217,1.1613969802856443,0.6761803387453256,0.5040809663252741,4.297742211397654,2.924245120468764,1.0,0.0,0.0
55a43cf3fdf99b02ff6cb0b4,WSLS,2.0,-24.33526359894313,0.8950493335723877,0.993851003004238,0.4959190336747259,4.8954448075022015,1.7628937917022292,0.0,0.0,0.0
55abb1a5fdf99b501fab62e3,Bayes,0.0,-10.709666750975884,1.2584408521652222,0.0,0.6370707666439872,4.0879996393093485,0.0,1.0,0.0,0.0
55abb1a5fdf99b501fab62e3,RWModel,1.0,-11.357161920299404,0.5691498517990112,0.6474951693235198,0.3629292333560196,3.0604402348642163,2.878726030509671,0.0,0.0,0.0
55abb1a5fdf99b501fab62e3,WSLS,2.0,-27.786269704112783,0.928178369998932,17.0766029531369,0.0,4.6616140371454335,5.069619755384824,0.0,0.0,0.0
55aeaeb3fdf99b5c769f1f7c,Bayes,0.0,-7.413461286661914,1.2193540334701538,0.0,0.7244116373507622,2.007050347500726,0.0,0.0,0.0,0.0
55aeaeb3fdf99b5c769f1f7c,RWModel,1.0,-9.828830746638689,1.734785556793213,2.415369459976773,0.2755883626490327,3.815695174337412,3.636977956624347,1.0,0.0,0.0
55aeaeb3fdf99b5c769f1f7c,WSLS,2.0,-36.306805764790624,0.8788015246391296,28.89334447812871,2.0505819264826641e-13,3.266100082295819,3.5579872877684573,0.0,0.0,0.0
55b8d0bffdf99b0f2859fe73,Bayes,0.0,-13.07443546509603,1.2856252193450928,0.0,0.5905302454527229,4.227858433003618,0.0,1.0,0.0,0.0
55b8d0bffdf99b0f2859fe73,RWModel,1.0,-13.963853815241336,3.5087380409240723,0.8894183501453048,0.4094697545472771,5.981353425525794,3.2811866609663234,1.0,0.0,0.0
55b8d0bffdf99b0f2859fe73,WSLS,2.0,-30.85499352030456,1.0516316890716553,17.78055805520853,0.0,4.326209299319045,5.1158648452481055,0.0,0.0,0.0
56780a5a89319e0011644cb4,RWModel,0.0,-25.278211398923304,1.3876631259918213,0.0,0.8172480163436274,4.815995827200186,0.0,0.0,0.0,0.0
56780a5a89319e0011644cb4,Bayes,1.0,-26.997864009113982,1.5716822147369385,1.7196526101906784,0.1827519836563725,3.563582732298177,2.3659665470715314,0.0,0.0,0.0
56780a5a89319e0011644cb4,WSLS,2.0,-32.08062441740185,0.9673560857772828,6.802413018478546,0.0,4.164127317246991,3.766281491816133,0.0,0.0,0.0
56df2ea2452e1300056bc7df,RWModel,0.0,-17.96965690944944,1.2009215354919434,0.0,0.9999999999996848,3.3135285874545253,0.0,0.0,0.0,0.0
56df2ea2452e1300056bc7df,Bayes,1.0,-24.41105462028645,1.9226773977279663,6.441397710837009,0.0,3.740696324094861,1.948732049003835,0.0,0.0,0.0
56df2ea2452e1300056bc7df,WSLS,2.0,-30.73491425486281,0.9317954778671264,12.765257345413374,3.150812943886195e-13,4.30636190900519,3.930368745987838,0.0,0.0,0.0
56f1f5b9f2df32000d8fa997,Bayes,0.0,-13.150723683764229,1.4625059366226196,0.0,0.6341452715000175,4.07761276920478,0.0,1.0,0.0,0.0
56f1f5b9f2df32000d8fa997,RWModel,1.0,-13.75878891298089,1.006213903427124,0.6080652292166633,0.3658547284997248,3.3068980285848,3.635054292858512,1.0,0.0,0.0
56f1f5b9f2df32000d8fa997,WSLS,2.0,-30.77243766421452,0.9709487557411194,17.621713980450295,2.575717417130363e-13,4.333580355970516,5.020877600457936,0.0,0.0,0.0
574cca765e5491000f3c89e0,WSLS,0.0,-22.46686127083376,0.951645016670227,0.0,0.9445808894376514,5.040345919457257,0.0,0.0,0.0,0.0
574cca765e5491000f3c89e0,Bayes,1.0,-23.39580017887056,1.0650674104690552,0.9289389080367982,0.0,4.530669871885343,0.695354467212785,0.0,0.0,0.0
574cca765e5491000f3c89e0,RWModel,2.0,-29.93156959580301,1.3518787622451782,7.464708324969251,0.0554191105623486,4.411925806751251,3.7620479285239674,0.0,0.0,0.0
574ce0a57fd0ec000db73aa6,Bayes,0.0,-2.7614705999731086,0.3207100331783294,0.0,0.9999999999991912,0.4825376838782954,0.0,0.0,0.0,0.0
574ce0a57fd0ec000db73aa6,RWModel,1.0,-6.756224932449982,0.7292187213897705,3.994754332476873,0.0,2.699227070857963,2.4857453588632006,1.0,0.0,0.0
574ce0a57fd0ec000db73aa6,WSLS,2.0,-29.37987893121317,0.995764136314392,26.61840833124006,8.089084957418892e-13,4.527126097449714,4.312344623034157,0.0,0.0,0.0
577d11f88b3e2300016d74a0,Bayes,0.0,-17.246658792719245,1.811388611793518,0.0,0.8696482863669072,4.277179921496216,0.0,1.0,0.0,0.0
577d11f88b3e2300016d74a0,RWModel,1.0,-20.892243423120817,1.640247821807861,3.645584630401572,0.130351713633105,5.461587116138434,3.278722659550509,1.0,0.0,0.0
577d11f88b3e2300016d74a0,WSLS,2.0,-35.37072775233537,0.8890191912651062,18.124068959616125,0.0,3.507538164230678,4.403983686080657,0.0,0.0,0.0
57a2caf8275be6000135b3aa,RWModel,0.0,-37.27221347435473,1.6645312309265137,0.0,0.7528915401674707,2.972803689810504,0.0,0.0,0.0,0.0
57a2caf8275be6000135b3aa,WSLS,1.0,-38.69058744003996,0.905819296836853,1.4183739656852357,0.2471084598325328,2.5987729337858574,2.3933075419095795,0.0,0.0,0.0
57a2caf8275be6000135b3aa,Bayes,2.0,-39.75912025896832,1.2122000455856323,2.486906784613597,0.0,2.0674537698069053,1.938093649698429,0.0,0.0,0.0
58064d91f25c440001678a10,RWModel,0.0,-31.218475993518595,1.3614932298660278,0.0,0.7019822960822079,4.160500656190222,0.0,0.0,0.0,0.0
58064d91f25c440001678a10,WSLS,1.0,-33.31993101956323,0.9918574690818788,2.1014550260446336,0.2980177039177956,3.9845511452126927,3.272327565146445,0.0,0.0,0.0
58064d91f25c440001678a10,Bayes,2.0,-33.9983049784787,1.24560809135437,2.7798289849601057,0.0,3.2538277194673024,2.5676609112584305,0.0,0.0,0.0
581d38509b5b8800014d507e,Bayes,0.0,-15.34888081869576,1.556384563446045,0.0,0.8649178123992578,3.934305631683232,0.0,1.0,0.0,0.0
581d38509b5b8800014d507e,WSLS,1.0,-18.04952418920584,0.875906765460968,2.700643370510079,0.1350821876007398,5.10967289384422,2.8989150778222674,0.0,0.0,0.0
581d38509b5b8800014d507e,RWModel,2.0,-18.51458281263487,1.0417368412017822,3.165701993939109,2.3314683517128287e-15,4.290386137294187,1.9687040262310516,1.0,0.0,0.0
58635484a73baa00010db537,WSLS,0.0,-26.189152042381465,0.9814074635505676,0.0,0.7454293123291201,4.845489032689133,0.0,0.0,0.0,0.0
58635484a73baa00010db537,Bayes,1.0,-26.991931706666943,1.285078763961792,0.802779664285481,1.698459423659759e-15,4.288824758998287,1.0358961541909764,0.0,0.0,0.0
58635484a73baa00010db537,RWModel,2.0,-29.365761162829585,1.8668755292892456,3.17660912044812,0.2545706876708782,3.7950482817132416,3.774722069390673,0.0,0.0,0.0
588e8b95670d6600012bd8dc,Bayes,0.0,-39.35371598601341,0.9342076182365416,0.0,0.8392424469669394,1.8557861956921569,0.0,0.0,0.0,0.0
588e8b95670d6600012bd8dc,WSLS,1.0,-39.80026128003374,0.8050678372383118,0.4465452940203249,0.1607575530330605,2.229687716012726,1.151871541259304,0.0,0.0,0.0
588e8b95670d6600012bd8dc,RWModel,2.0,-40.92146844520731,1.1492865085601809,1.567752459193897,0.0,1.420795811018768,1.382106905670986,0.0,0.0,0.0
5928b05e590f0b000126edb8,RWModel,0.0,-11.5065274671733,0.1957860589027404,0.0,1.0,2.6026419350892263,0.0,0.0,0.0,0.0
5928b05e590f0b000126edb8,Bayes,1.0,-15.451271377620287,1.5974225997924805,3.944743910446988,7.488454301096682e-14,3.5126395173107365,2.173843601950457,1.0,0.0,0.0
5928b05e590f0b000126edb8,WSLS,2.0,-22.459325095638636,0.9356768131256104,10.952797628465332,0.0,5.001655852211833,4.291253813660591,0.0,0.0,0.0
597761dfd5ddf60001d14b20,RWModel,0.0,-29.022990779776592,1.3336753845214844,0.0,1.0,3.845338705564312,0.0,0.0,0.0,0.0
597761dfd5ddf60001d14b20,Bayes,1.0,-32.94652761798352,1.4825645685195925,3.923536838206928,3.136380044566067e-14,3.5492948160002857,2.06859282659276,0.0,0.0,0.0
597761dfd5ddf60001d14b20,WSLS,2.0,-37.97723057353869,0.8988451957702637,8.954239793762099,0.0,2.8453710360576765,3.2305143713795927,0.0,0.0,0.0
59ba2a6e6495ef00019fbd70,Bayes,0.0,-15.03861507459078,1.3105747699737549,0.0,0.9999999999999692,3.9785458052448512,0.0,1.0,0.0,0.0
59ba2a6e6495ef00019fbd70,RWModel,1.0,-19.493994935415685,1.6358187198638916,4.455379860824905,0.0,5.130015242098064,2.164458810322237,1.0,0.0,0.0
59ba2a6e6495ef00019fbd70,WSLS,2.0,-27.80302543193102,0.949380099773407,12.76441035734024,3.086420008457935e-14,4.70849117452204,4.592823021428066,0.0,0.0,0.0
59f21fe8cc514a00011a66cf,RWModel,0.0,-19.13580024316616,1.1045780181884766,0.0,0.9496865076492944,3.756481135436205,0.0,0.0,0.0,0.0
59f21fe8cc514a00011a66cf,Bayes,1.0,-21.77616643474903,2.0171821117401123,2.6403661915828707,0.0503134923503827,4.351591417964063,2.5851118085890463,1.0,0.0,0.0
59f21fe8cc514a00011a66cf,WSLS,2.0,-36.419876407366246,0.991940438747406,17.284076164200087,3.228528555609955e-13,3.275208470856358,4.239324865170367,0.0,0.0,0.0
5a1fa084063e8600012fa6a3,Bayes,0.0,-36.38740298710764,1.2176259756088257,0.0,0.9571769455262276,2.544983092705693,0.0,0.0,0.0,0.0
5a1fa084063e8600012fa6a3,WSLS,1.0,-37.97792998980731,0.8943657279014587,1.5905270026996732,0.0428230544737729,2.897524455097217,1.864471269300889,0.0,0.0,0.0
5a1fa084063e8600012fa6a3,RWModel,2.0,-39.17581417469773,1.6244487762451172,2.7884111875901,0.0,2.353168766246486,1.5160672908201824,0.0,0.0,0.0
5a28bf2b8766a40001900b24,RWModel,0.0,-22.238107746022536,1.5212130546569824,0.0,0.6266579255317949,4.979343224647659,0.0,1.0,0.0,0.0
5a28bf2b8766a40001900b24,Bayes,1.0,-23.44341049809009,1.641420841217041,1.2053027520675528,0.0,4.0411855253323,2.8111119379488074,0.0,0.0,0.0
5a28bf2b8766a40001900b24,WSLS,2.0,-24.397474677767605,0.9698718786239624,2.159366931745069,0.3733420744682051,4.985699075956802,4.269391808677002,0.0,0.0,0.0
5a6b35d3d5d4cb0001d643d8,RWModel,0.0,-36.5815455049742,1.6755499839782717,0.0,0.680161173694679,3.4118802466606306,0.0,0.0,0.0,0.0
5a6b35d3d5d4cb0001d643d8,Bayes,1.0,-37.476508965715766,1.2887523174285889,0.8949634607415646,0.3198388263053197,2.983840191693349,2.3173755925454973,0.0,0.0,0.0
5a6b35d3d5d4cb0001d643d8,WSLS,2.0,-41.228122980333865,0.5852263569831848,4.646577475359663,1.3322676295501878e-15,1.5157587273888844,2.8423744873893964,0.0,0.0,0.0
5a8e54c9f49c9a0001f3dc3f,RWModel,0.0,-17.664934771582004,0.4628664553165436,0.0,0.7660432765708592,3.035470142252955,0.0,0.0,0.0,0.0
5a8e54c9f49c9a0001f3dc3f,Bayes,1.0,-21.233612394193187,1.5010721683502195,3.568677622611183,0.0,3.919506012626867,2.972412298756679,0.0,0.0,0.0
5a8e54c9f49c9a0001f3dc3f,WSLS,2.0,-22.512110308744013,1.0016332864761353,4.847175537162009,0.2339567234291407,5.076268072107165,4.403994375438451,0.0,0.0,0.0
5a9f566d777df2000160326c,WSLS,0.0,-6.00848577299621,0.6680704951286316,0.0,0.9999999999982532,3.998124016378738,0.0,1.0,0.0,0.0
5a9f566d777df2000160326c,Bayes,1.0,-6.967220564605668,0.5639975666999817,0.9587347916094586,0.0,3.641749489724635,0.4031646026899016,1.0,0.0,0.0
5a9f566d777df2000160326c,RWModel,2.0,-20.956433633415145,0.8004153370857239,14.947947860418935,1.7468249069452213e-12,3.556282642923553,3.2151816665099835,1.0,0.0,0.0
5abc27db68b65b00018d000f,WSLS,0.0,-9.642216994136106,0.7633260488510132,0.0,0.8166237688415314,4.647233828020046,0.0,0.0,0.0,0.0
5abc27db68b65b00018d000f,Bayes,1.0,-10.050993777171245,0.6831067800521851,0.4087767830351367,0.0,3.934712197593029,0.7557539391513053,0.0,0.0,0.0
5abc27db68b65b00018d000f,RWModel,2.0,-14.201321557094843,0.1845836192369461,4.559104562958737,0.1833762311584685,2.6924516057785874,4.372529892522585,0.0,0.0,0.0
5ac4fbad1667e40001d8615e,WSLS,0.0,-9.68652142828796,0.7864044904708862,0.0,0.9999999999997152,4.626173850035179,0.0,0.0,0.0,0.0
5ac4fbad1667e40001d8615e,Bayes,1.0,-10.885418183868753,0.8346664905548096,1.1988967555807903,0.0,4.327121681939529,0.4138424567736172,0.0,0.0,0.0
5ac4fbad1667e40001d8615e,RWModel,2.0,-19.602311121783718,1.200157642364502,9.915789693495752,2.848832281188152e-13,4.608185790932714,3.0021707455586384,1.0,0.0,0.0
5af9fab60a7ecb00011820b8,Bayes,0.0,-20.285897799767557,1.3483206033706665,0.0,0.0,4.313684407050912,0.0,0.0,0.0,0.0
5af9fab60a7ecb00011820b8,WSLS,1.0,-20.332827549427748,0.8875627517700195,0.0469297496601939,0.5601254958166386,5.054361270072541,1.4564561589500542,0.0,0.0,0.0
5af9fab60a7ecb00011820b8,RWModel,2.0,-20.59398210762734,1.376028537750244,0.308084307859787,0.4398745041833614,4.427382653941466,3.031892905860242,1.0,0.0,0.0
5afa1dfb3aba4900015f26a6,RWModel,0.0,-22.07024749870608,1.4483479261398315,0.0,0.7449137691121438,4.671804982418787,0.0,1.0,0.0,0.0
5afa1dfb3aba4900015f26a6,Bayes,1.0,-25.584909221623093,1.6184160709381104,3.5146617229170127,0.0,4.125711153001245,3.2748636463774266,0.0,0.0,0.0
5afa1dfb3aba4900015f26a6,WSLS,2.0,-26.139715109718964,0.9226140975952148,4.069467611012883,0.2550862308878562,4.772234547339623,4.413030742732722,0.0,0.0,0.0
5b05e0d131cebe000177c38e,RWModel,0.0,-10.57519033542394,0.2783505916595459,0.0,1.0,2.6132684139085214,0.0,0.0,0.0,0.0
5b05e0d131cebe000177c38e,Bayes,1.0,-14.642099507851526,1.4836511611938477,4.066909172427586,5.0903725679063434e-14,3.548497926994385,2.3841616628390563,1.0,0.0,0.0
5b05e0d131cebe000177c38e,WSLS,2.0,-22.53727310989052,1.028498291969299,11.96208277446658,0.0,5.091753677784606,4.906412769124933,0.0,0.0,0.0
5b2eb8a8532e3d00018df4df,WSLS,0.0,-35.362961787730455,0.881199836730957,0.0,0.7124186783649188,3.4785674521392016,0.0,0.0,0.0,0.0
5b2eb8a8532e3d00018df4df,Bayes,1.0,-36.51191129907966,1.4122236967086792,1.1489495113492012,0.0,3.048803266646465,1.1459483235942085,0.0,0.0,0.0
5b2eb8a8532e3d00018df4df,RWModel,2.0,-36.94576797285117,1.3892083168029783,1.5828061851207167,0.2875813216350812,2.9920464259345247,2.8285434930791253,0.0,0.0,0.0
5b342c9da2982a0001dd9f25,RWModel,0.0,-13.784757995771884,0.3191889822483063,0.0,1.0,3.250784933420629,0.0,0.0,0.0,0.0
5b342c9da2982a0001dd9f25,Bayes,1.0,-24.321496558375657,2.051252841949463,10.53673856260377,1.8059442830065109e-12,3.783853968123041,2.1952793544842493,0.0,0.0,0.0
5b342c9da2982a0001dd9f25,WSLS,2.0,-36.33795954566449,0.909795582294464,22.5532015498926,0.0,3.2788109846805638,3.4645954392363056,0.0,0.0,0.0
5b564680ed90280001510d9a,RWModel,0.0,-17.32255394343143,0.3097508549690246,0.0,0.9084236070320324,2.8508826389162154,0.0,0.0,0.0,0.0
5b564680ed90280001510d9a,Bayes,1.0,-21.95260232849978,1.743648886680603,4.63004838506835,0.0,3.73786037016733,2.546269591668716,0.0,0.0,0.0
5b564680ed90280001510d9a,WSLS,2.0,-24.41672523901798,0.9884368181228638,7.094171295586549,0.0915763929679677,4.987880624044335,4.399545683607796,0.0,0.0,0.0
5b589d330bc96b0001fa5d3c,RWModel,0.0,-13.812991035166306,0.6906151175498962,0.0,0.953267981391294,3.254304836377925,0.0,0.0,0.0,0.0
5b589d330bc96b0001fa5d3c,Bayes,1.0,-17.38370541483164,1.823728322982788,3.5707143796653327,1.6869940757052578e-17,3.413911430566771,2.8865545466008773,1.0,0.0,0.0
5b589d330bc96b0001fa5d3c,WSLS,2.0,-26.15039405436255,0.947783589363098,12.337403019196245,0.0467320186087061,4.883821327204675,5.2566638282379055,0.0,0.0,0.0
5b7aefd06c1ccb000178b710,Bayes,0.0,-14.866771966218948,1.5568130016326904,0.0,0.1761775780410911,3.311639385651819,0.0,1.0,0.0,0.0
5b7aefd06c1ccb000178b710,RWModel,1.0,-15.420854248763137,1.5000258684158323,0.5540822825441865,0.5877389347068346,3.763375700979489,3.361731981203467,1.0,0.0,0.0
5b7aefd06c1ccb000178b710,WSLS,2.0,-20.404649323550984,0.9736181497573853,5.537877357332036,0.2360834872520743,5.134770816233958,3.601879367624075,0.0,0.0,0.0
5b82247316aa4400016aa924,RWModel,0.0,-29.72182721927311,1.4799648523330688,0.0,0.7067987864361217,4.368646678456005,0.0,0.0,0.0,0.0
5b82247316aa4400016aa924,Bayes,1.0,-31.171486026141796,1.4214470386505127,1.449658806868683,2.2232056464174393e-16,3.572505814066082,2.377842728280797,0.0,0.0,0.0
5b82247316aa4400016aa924,WSLS,2.0,-32.12811042321846,1.0146706104278564,2.4062832039453497,0.293201213563878,4.168625602968248,3.4792091837506147,0.0,0.0,0.0
5bd0d9bf25db7b0001786a5b,RWModel,0.0,-23.138588066995094,1.5093231201171875,0.0,0.9761711464787072,4.394819779234656,0.0,1.0,0.0,0.0
5bd0d9bf25db7b0001786a5b,Bayes,1.0,-29.12109906808473,1.6201961040496826,5.982511001089635,5.635448645203403e-15,3.2230248732818283,2.443434670596559,0.0,0.0,0.0
5bd0d9bf25db7b0001786a5b,WSLS,2.0,-33.23000845964998,0.9012902975082396,10.091420392654882,0.0238288535212872,3.9241042806608872,3.926515616353761,0.0,0.0,0.0
5bd9f569eb22f2000183df4e,RWModel,0.0,-26.01229008747032,1.598182201385498,0.0,0.6533192202840297,4.686703480511502,0.0,1.0,0.0,0.0
5bd9f569eb22f2000183df4e,Bayes,1.0,-27.37778154946864,2.015753507614136,1.3654914619983174,2.2309961837003783e-16,3.9254110572921896,2.850591508848066,0.0,0.0,0.0
5bd9f569eb22f2000183df4e,WSLS,2.0,-29.386534778401256,0.9968615770339966,3.3742446909309365,0.3466807797159701,4.476609508348597,4.863309112194862,0.0,0.0,0.0
5be8a1701664db0001d804f8,Bayes,0.0,-24.38570503657684,1.794349193572998,0.0,0.9999999999996956,4.278110191530579,0.0,0.0,0.0,0.0
5be8a1701664db0001d804f8,RWModel,1.0,-32.027929736457736,1.720882773399353,7.642224699880899,0.0,3.917491414361205,2.7059321256214224,0.0,0.0,0.0
5be8a1701664db0001d804f8,WSLS,2.0,-33.30190784763545,0.9720966815948486,8.91620281105861,3.044231533522179e-13,3.9113942116999167,3.9795824810242855,0.0,0.0,0.0
5be8dab5d153f500019ab320,RWModel,0.0,-40.67865607060958,1.085233211517334,0.0,0.5554226921119659,1.562768310677938,0.0,0.0,0.0,0.0
5be8dab5d153f500019ab320,Bayes,1.0,-40.76211706851609,0.634905993938446,0.0834609979065135,0.4445773078880339,1.121920005017999,1.3567908543234783,0.0,0.0,0.0
5be8dab5d153f500019ab320,WSLS,2.0,-41.4350297274068,0.524850606918335,0.7563736567972228,1.1102230246251563e-16,1.3514987328226449,1.430698892876125,0.0,0.0,0.0
5befb6e27c387400016983bf,RWModel,0.0,-19.2236915027388,1.4207061529159546,0.0,0.8621314415686736,4.871070892821276,0.0,1.0,0.0,0.0
5befb6e27c387400016983bf,Bayes,1.0,-24.696100724395365,1.6169058084487915,5.472409221656562,1.377239681645838e-14,4.0713571297010684,3.448603114222893,0.0,0.0,0.0
5befb6e27c387400016983bf,WSLS,2.0,-26.200386034324765,0.9868198037147522,6.976694531585963,0.1378685584313126,4.807847686180573,4.647929124254569,0.0,0.0,0.0
5bf4afe0b8e9f800014c9c0b,RWModel,0.0,-16.74726104239764,0.6847115159034729,0.0,0.9999999999996227,3.018255348004153,0.0,0.0,0.0,0.0
5bf4afe0b8e9f800014c9c0b,Bayes,1.0,-21.24639044853393,2.0109782218933105,4.4991294061362925,0.0,3.573522688109957,2.275225622579557,0.0,0.0,0.0
5bf4afe0b8e9f800014c9c0b,WSLS,2.0,-32.06536309886724,0.9525248408317566,15.3181020564696,3.772537837676282e-13,4.18851600018164,4.5504789993456445,0.0,0.0,0.0
5bfabd120dae5f00014762db,WSLS,0.0,-0.9811219726107084,0.0166530162096023,0.0,1.0,1.1046726681109883e-10,0.0,0.0,0.0,0.0
5bfabd120dae5f00014762db,Bayes,1.0,-2.1031591345963534,0.0748054459691047,1.122037161985645,6.477596237175476e-13,0.1699592147476699,0.1699592147253422,0.0,0.0,0.0
5bfabd120dae5f00014762db,RWModel,2.0,-14.02199213113436,0.4558738470077514,13.040870158523653,0.0,2.704790987008496,2.7047909869938898,0.0,0.0,0.0
5c1bc0ab84ff14000184c2ce,Bayes,0.0,-31.772218289785087,1.0715107917785645,0.0,0.9999999999997276,3.4395192819613567,0.0,0.0,0.0,0.0
5c1bc0ab84ff14000184c2ce,RWModel,1.0,-41.46042833546208,0.6185485124588013,9.688210045676996,4.507505479978136e-14,0.9459158566463496,3.814158287862965,0.0,0.0,0.0
5c1bc0ab84ff14000184c2ce,WSLS,2.0,-42.08487754478119,0.3050876557826996,10.312659254996106,2.273736754432321e-13,0.8378521073595843,3.878340325450831,0.0,0.0,0.0
5c3d07a85a994b0001c10bb2,Bayes,0.0,-16.104017978766933,1.5311601161956787,0.0,0.3523638139840345,3.9179409885324112,0.0,1.0,0.0,0.0
5c3d07a85a994b0001c10bb2,WSLS,1.0,-18.105846833903342,0.9462170600891112,2.0018288551364094,0.3652292477109957,5.18316450781593,2.2586322197335806,0.0,0.0,0.0
5c3d07a85a994b0001c10bb2,RWModel,2.0,-19.30974633291953,0.4803324341773987,3.2057283541525976,0.2824069383049697,2.8511914397158225,3.520081715664611,0.0,0.0,0.0
5c3d34e0e0ea820001460b7b,WSLS,0.0,-26.0962210544385,0.886418879032135,0.0,0.5258081083258208,4.806742090794319,0.0,0.0,0.0,0.0
5c3d34e0e0ea820001460b7b,RWModel,1.0,-26.196715016382317,1.4693793058395386,0.1004939619438118,0.474191891674168,4.46307134322755,3.938747510428739,1.0,0.0,0.0
5c3d34e0e0ea820001460b7b,Bayes,2.0,-26.64981573680416,1.3065648078918457,0.5535946823656559,1.1102230246251564e-14,4.07835817683695,1.0873721388026338,0.0,0.0,0.0
5c5198da659655000168955d,RWModel,0.0,-14.707335387183887,0.904629647731781,0.0,0.8330241933661302,3.487132104450037,0.0,0.0,0.0,0.0
5c5198da659655000168955d,Bayes,1.0,-16.20725238835439,1.7453899383544922,1.499917001170502,0.1669758066338602,4.681932707733338,2.2136993140553867,1.0,0.0,0.0
5c5198da659655000168955d,WSLS,2.0,-30.78647843422368,0.9801158308982848,16.079143047039793,9.547918011776346e-15,4.285544904164802,4.064077925281298,0.0,0.0,0.0
5c5c7091ae14ac0001332137,Bayes,0.0,-15.548788498854265,1.0481513738632202,0.0,0.9446130059546652,5.490068240936797,0.0,0.0,0.0,0.0
5c5c7091ae14ac0001332137,RWModel,1.0,-39.00157890905484,1.3469033241271973,23.452790410200578,2.849204892392598e-14,2.416102857466845,5.720187419640527,0.0,0.0,0.0
5c5c7091ae14ac0001332137,WSLS,2.0,-39.28096214542165,0.8577558994293213,23.73217364656739,0.0553869940453063,2.409589803294,6.0302724188615775,0.0,0.0,0.0
5c720c7278263500015665f9,RWModel,0.0,-41.20938708241738,0.8184207081794739,0.0,0.6832346316745618,1.0823164462146917,0.0,0.0,0.0,0.0
5c720c7278263500015665f9,WSLS,1.0,-41.43313616327941,0.546151340007782,0.223749080862035,0.3167653683254382,1.3173751479345972,1.1072082434698185,0.0,0.0,0.0
5c720c7278263500015665f9,Bayes,2.0,-41.57429879717529,0.9861101508140564,0.364911714757909,0.0,0.2019095660579642,0.9912803799382098,0.0,0.0,0.0
5c9167ff0a216f00103ce299,Bayes,0.0,-24.20064715226181,1.5198899507522583,0.0,0.1056896563422852,3.948077374256994,0.0,0.0,0.0,0.0
5c9167ff0a216f00103ce299,WSLS,1.0,-24.43207947490737,0.9958678483963012,0.2314323226455599,0.4668893598618203,4.945462971895411,1.6191140776941255,0.0,0.0,0.0
5c9167ff0a216f00103ce299,RWModel,2.0,-24.761435126779677,1.706672191619873,0.560787974517865,0.4274209837958944,4.3839502829086685,2.751183855925035,1.0,0.0,0.0
5c925b0fb138fe0014e4036b,WSLS,0.0,-27.78899094951339,0.9274253845214844,0.0,0.686916759324201,4.636272817825818,0.0,0.0,0.0,0.0
5c925b0fb138fe0014e4036b,Bayes,1.0,-28.893882168922573,1.7274911403656006,1.104891219409183,0.0,3.857159665428173,1.6077511661297257,0.0,0.0,0.0
5c925b0fb138fe0014e4036b,RWModel,2.0,-29.21643106065494,1.2486389875411987,1.42744011114155,0.3130832406757989,4.587165962225591,3.056760529496579,0.0,0.0,0.0
5ca6bbf13b5fcf00100996e9,WSLS,0.0,-29.379031104967,0.9906858801841736,0.0,0.7647480606524586,4.485800535356058,0.0,0.0,0.0,0.0
5ca6bbf13b5fcf00100996e9,Bayes,1.0,-29.79591989982873,1.4055877923965454,0.4168887948617339,0.2352519393475413,3.810167677333987,1.2728445973203717,0.0,0.0,0.0
5ca6bbf13b5fcf00100996e9,RWModel,2.0,-34.80718337596045,1.729576826095581,5.428152270993451,1.1102230246251563e-16,3.672927104304392,3.376228771568341,0.0,0.0,0.0
5cacd539c8e337001dbf3bd1,Bayes,0.0,-17.059398497920483,3.1053779125213623,0.0,0.7867532230818088,3.673131132205143,0.0,1.0,0.0,0.0
5cacd539c8e337001dbf3bd1,RWModel,1.0,-19.112756003482215,0.825455904006958,2.053357505561735,0.2132467769180891,4.014949120909345,2.782456998476229,0.0,0.0,0.0
5cacd539c8e337001dbf3bd1,WSLS,2.0,-33.2837454569526,0.9553734064102172,16.22434695903212,1.0202949596305189e-13,3.945658527033225,3.806929637864468,0.0,0.0,0.0
5cb33d40f173240019513957,Bayes,0.0,-17.68951672059484,1.3581401109695437,0.0,9.967594125843972e-16,4.264801153786612,0.0,0.0,0.0,0.0
5cb33d40f173240019513957,WSLS,1.0,-17.982094946783036,0.8110082149505615,0.2925782261881977,0.6683558243090072,5.092140798892283,1.5490716023970523,0.0,0.0,0.0
5cb33d40f173240019513957,RWModel,2.0,-20.39341505219818,1.493836522102356,2.703898331603341,0.3316441756909918,4.889833460677342,3.5176595922739864,1.0,0.0,0.0
5cb929bfebd17d0017e7f848,RWModel,0.0,-24.189927788912428,1.7027820348739624,0.0,0.4843005152561739,4.670165472886223,0.0,1.0,0.0,0.0
5cb929bfebd17d0017e7f848,WSLS,1.0,-24.392611593939364,0.9560681581497192,0.2026838050269361,0.5156994847438215,4.932232584651454,4.320289560283616,0.0,0.0,0.0
5cb929bfebd17d0017e7f848,Bayes,2.0,-25.156452488387004,1.8009470701217651,0.9665246994745758,4.551914400963142e-15,4.082241677323024,3.142841829788254,0.0,0.0,0.0
5cbe00898f939c0017c0b9d8,RWModel,0.0,-24.071556492656786,1.2680805921554563,0.0,0.7276442259378942,4.563132490508752,0.0,1.0,0.0,0.0
5cbe00898f939c0017c0b9d8,Bayes,1.0,-27.3654168760404,1.5781643390655518,3.293860383383617,1.657284357804089e-15,3.663018368067877,3.378995946061785,0.0,0.0,0.0
5cbe00898f939c0017c0b9d8,WSLS,2.0,-27.795296461554244,0.9343231916427612,3.723739968897462,0.2723557740621041,4.643105938439669,4.488914393827014,0.0,0.0,0.0
5cc22481f6ef910019e5120f,WSLS,0.0,-15.564024702645838,0.887320339679718,0.0,0.961559260710284,5.142156715017702,0.0,0.0,0.0,0.0
5cc22481f6ef910019e5120f,Bayes,1.0,-16.44634494849015,1.238083839416504,0.882320245844312,0.0,4.638223950854488,1.1071985733676757,0.0,0.0,0.0
5cc22481f6ef910019e5120f,RWModel,2.0,-22.108329881764803,1.4645113945007324,6.544305179118965,0.038440739289716,4.982495196814213,3.2831569834166623,0.0,0.0,0.0
5ce2f6723f8060000109feab,WSLS,0.0,-0.9153298223973252,0.0145548656582832,0.0,1.0,2.2274656365972963e-10,0.0,0.0,0.0,0.0
5ce2f6723f8060000109feab,Bayes,1.0,-2.1490689045458566,0.0706444531679153,1.2337390821485317,1.837918706115716e-12,0.1522046989899289,0.1522046989742592,0.0,0.0,0.0
5ce2f6723f8060000109feab,RWModel,2.0,-18.61961014257668,0.4543069005012512,17.70428032017935,0.0,2.84100926877222,2.841009268769379,0.0,0.0,0.0
5ce83f6ffdd26c00193b9611,WSLS,0.0,-32.11330017866567,0.9993026852607728,0.0,0.5328390399752625,4.152830170600438,0.0,0.0,0.0,0.0
5ce83f6ffdd26c00193b9611,Bayes,1.0,-32.23821895988658,1.6931427717208862,0.1249187812209129,1.1118493413068209e-15,3.626396606311909,1.7487830403178686,0.0,0.0,0.0
5ce83f6ffdd26c00193b9611,RWModel,2.0,-32.30351804983694,1.357701063156128,0.1902178711712701,0.4671609600247364,4.133101402438056,3.410868340063548,0.0,0.0,0.0
5cf5134c8f8ff80019e76721,Bayes,0.0,-2.74544706242159,0.2785108983516693,0.0,1.0,0.4368756596066293,0.0,0.0,0.0,0.0
5cf5134c8f8ff80019e76721,RWModel,1.0,-7.908092865044523,0.7042292952537537,5.162645802622933,4.1683323459551497e-13,2.763605133708052,2.527404032133694,1.0,0.0,0.0
5cf5134c8f8ff80019e76721,WSLS,2.0,-29.357243104837835,0.9684211015701294,26.611796042416245,0.0,4.477232172399194,4.239401561371248,0.0,0.0,0.0
5d003450f641130018828b8e,RWModel,0.0,-31.14761404622368,1.4632216691970823,0.0,0.6937118954266988,3.9452669695490816,0.0,0.0,0.0,0.0
5d003450f641130018828b8e,Bayes,1.0,-32.63097254326567,1.650725483894348,1.4833584970419906,0.0,3.329359439072896,2.146347375511416,0.0,0.0,0.0
5d003450f641130018828b8e,WSLS,2.0,-33.28899133205414,0.9594929814338684,2.1413772858304583,0.3062881045733012,3.914934960661279,3.4212944520991586,0.0,0.0,0.0
5d0e9d1bf403080016411381,RWModel,0.0,-27.47687033402326,1.5674413442611694,0.0,0.509882094713924,4.675203785333736,0.0,1.0,0.0,0.0
5d0e9d1bf403080016411381,WSLS,1.0,-27.878075283952057,1.018623948097229,0.4012049499287968,0.4901179052860777,4.670906358383281,4.422761525285282,0.0,0.0,0.0
5d0e9d1bf403080016411381,Bayes,2.0,-27.94965031347237,1.780794620513916,0.4727799794491147,0.0,3.7088420008390415,3.1525854305047365,0.0,0.0,0.0
5d13deee103969001b945b57,RWModel,0.0,-7.637235318663986,0.1129914820194244,0.0,1.0,2.1555536962950894,0.0,0.0,0.0,0.0
5d13deee103969001b945b57,Bayes,1.0,-14.134858160919975,1.5231876373291016,6.497622842255991,7.010503288995551e-13,3.519775363169808,3.1597377202693373,0.0,0.0,0.0
5d13deee103969001b945b57,WSLS,2.0,-34.529100137762725,1.0795139074325562,26.89186481909874,0.0,3.758465224945695,3.682099192440075,0.0,0.0,0.0
5d1f71def861790016fafb83,WSLS,0.0,-40.971446317620575,0.6727726459503174,0.0,0.5888860167605471,1.6377387785354416,0.0,0.0,0.0,0.0
5d1f71def861790016fafb83,RWModel,1.0,-41.14930015147547,0.6563944816589355,0.1778538338548969,0.4111139832394531,0.9352346878256648,1.436564808417957,0.0,0.0,0.0
5d1f71def861790016fafb83,Bayes,2.0,-41.264415635261685,0.7204779386520386,0.2929693176411092,0.0,0.925032040012662,0.8781241807493003,0.0,0.0,0.0
5d34de398f657e00150dd0d5,RWModel,0.0,-14.572732980127869,0.2416826039552688,0.0,0.8721130588608084,2.713141166568747,0.0,0.0,0.0,0.0
5d34de398f657e00150dd0d5,Bayes,1.0,-20.366758038755503,1.49433434009552,5.794025058627637,2.0064201496342604e-14,4.090514125606481,2.9756769225159214,0.0,0.0,0.0
5d34de398f657e00150dd0d5,WSLS,2.0,-20.42315236153081,0.9913028478622437,5.850419381402942,0.1278869411391715,5.140373201544881,4.247010554222152,0.0,0.0,0.0
5d36600685d1d50001affacb,Bayes,0.0,-9.530311015958432,1.0702823400497437,0.0,1.0,2.4843535253025317,0.0,0.0,0.0,0.0
5d36600685d1d50001affacb,WSLS,1.0,-12.914539879187942,0.9573955535888672,3.384228863229509,1.0064171718227045e-13,5.009410037140091,2.864356571086658,0.0,0.0,0.0
5d36600685d1d50001affacb,RWModel,2.0,-20.29778036645439,4.897444725036621,10.767469350495958,0.0,6.85939453753778,5.5820503608989895,1.0,0.0,0.0
5d4732b70829350016ed314d,RWModel,0.0,-18.30660381782218,1.504185676574707,0.0,0.7552018038170407,3.9788723283784297,0.0,1.0,0.0,0.0
5d4732b70829350016ed314d,Bayes,1.0,-19.457828998100013,1.904029130935669,1.1512251802778335,0.2447981961829589,4.375171589409956,2.241134817102441,0.0,0.0,0.0
5d4732b70829350016ed314d,WSLS,2.0,-32.03180592134595,0.9140372276306152,13.72520210352377,3.3306690738754696e-16,4.083314793565358,3.6508153330711,0.0,0.0,0.0
5d49a0b751695e0001a188a8,Bayes,0.0,-34.87989595462568,1.092391014099121,0.0,1.0,2.851357034198848,0.0,0.0,0.0,0.0
5d49a0b751695e0001a188a8,WSLS,1.0,-37.29991545155645,1.0076876878738403,2.420019496930763,1.759703494030873e-14,3.0634709897081738,1.801619767161021,0.0,0.0,0.0
5d49a0b751695e0001a188a8,RWModel,2.0,-39.51018919289709,1.2303038835525513,4.630293238271406,0.0,2.260195468426496,1.8048765149022616,0.0,0.0,0.0
5d548912e1c7130018e019dc,Bayes,0.0,-20.72823617607355,1.3873800039291382,0.0,0.9999999999999878,4.543057812113716,0.0,0.0,0.0,0.0
5d548912e1c7130018e019dc,RWModel,1.0,-26.829749568365514,1.7073421478271484,6.101513392291963,0.0,4.969021472003179,2.3277587849111594,1.0,0.0,0.0
5d548912e1c7130018e019dc,WSLS,2.0,-29.346008755266663,0.9612492322921752,8.617772579193115,1.2212453270876722e-14,4.5122962614462905,3.9082159958499294,0.0,0.0,0.0
5d58471ffe8768001a31d33a,Bayes,0.0,-5.762257666850928,0.7121192812919617,0.0,0.515684040423603,2.456316975450068,0.0,1.0,0.0,0.0
5d58471ffe8768001a31d33a,WSLS,1.0,-6.047797555220313,0.6921209692955017,0.2855398883693851,0.4843159595764034,4.004917596152853,1.622162966704643,1.0,0.0,0.0
5d58471ffe8768001a31d33a,RWModel,2.0,-15.02294045558341,1.107406497001648,9.26068278873248,0.0,3.4236122627854613,2.347190735204452,1.0,0.0,0.0
5d5dc2d37bfc8400013b653c,RWModel,0.0,-34.121301525259895,1.6867947578430176,0.0,0.5267580966896975,3.843594343800148,0.0,1.0,0.0,0.0
5d5dc2d37bfc8400013b653c,WSLS,1.0,-34.389902411494404,0.9381726980209352,0.2686008862345108,0.4732419033103016,3.670393703589198,3.296137340799545,0.0,0.0,0.0
5d5dc2d37bfc8400013b653c,Bayes,2.0,-34.98966707009822,1.539491891860962,0.8683655448383278,8.881784197001252e-16,3.147155649551482,2.478637803133174,0.0,0.0,0.0
5d63179aa3b94d0001da4bb6,RWModel,0.0,-21.21205354745627,0.6614840030670166,0.0,0.8469714670064487,3.457681988644476,0.0,0.0,0.0,0.0
5d63179aa3b94d0001da4bb6,Bayes,1.0,-25.896614668192345,1.3463561534881592,4.6845611207360704,8.029964723729572e-15,3.800376177787601,2.733449992774232,0.0,0.0,0.0
5d63179aa3b94d0001da4bb6,WSLS,2.0,-26.182844194117934,0.9670229554176332,4.970790646661662,0.1530285329935433,4.788017841164463,3.913550457716404,0.0,0.0,0.0
5da4152a3ab39a0011295a3e,RWModel,0.0,-17.835268831942813,0.9374955296516418,0.0,1.0,3.2600924329603025,0.0,0.0,0.0,0.0
5da4152a3ab39a0011295a3e,Bayes,1.0,-26.606224035145715,1.7585783004760742,8.770955203202902,1.0491607582707731e-14,3.324385669213966,1.355474525742406,0.0,0.0,0.0
5da4152a3ab39a0011295a3e,WSLS,2.0,-30.76932166516781,0.9642536044120787,12.934052833224996,0.0,4.2923585716942165,3.404365410630291,0.0,0.0,0.0
5da8826d8d163e0015d33c0c,WSLS,0.0,-26.17819658061489,0.9666858911514282,0.0,0.8746049792369722,4.815886467179644,0.0,0.0,0.0,0.0
5da8826d8d163e0015d33c0c,Bayes,1.0,-26.79227539733984,1.0859088897705078,0.6140788167249411,0.0,4.194725502731739,0.8347370296361409,0.0,0.0,0.0
5da8826d8d163e0015d33c0c,RWModel,2.0,-31.09006263834453,1.1536502838134766,4.91186605772964,0.1253950207630277,4.037833338648073,3.55022813239821,0.0,0.0,0.0
5da94e9971a51b0011316f65,RWModel,0.0,-22.34890185772838,0.9967857003211976,0.0,0.8532240178165159,3.485968205742129,0.0,0.0,0.0,0.0
5da94e9971a51b0011316f65,Bayes,1.0,-26.716446763370183,2.9978299140930176,4.367544905641807,8.058108677196589e-14,3.833388059212892,1.805897026999979,0.0,0.0,0.0
5da94e9971a51b0011316f65,WSLS,2.0,-29.257699689129367,0.8707048892974854,6.908797831400989,0.1467759821834035,4.472006147205779,4.571379740910402,0.0,0.0,0.0
5db75a2044b77e000b92456a,Bayes,0.0,-35.488782537169755,1.0002657175064087,0.0,0.7687884567104538,2.571532372852809,0.0,0.0,0.0,0.0
5db75a2044b77e000b92456a,WSLS,1.0,-36.39435475692153,0.9656556844711304,0.9055722197517752,0.2312115432895457,3.3039840535383624,1.847641315790433,0.0,0.0,0.0
5db75a2044b77e000b92456a,RWModel,2.0,-38.59127399131103,1.3879948854446411,3.1024914541412727,4.440892098500626e-16,2.6434385316529108,1.7298641328543185,0.0,0.0,0.0
5dbdf54d13d4c7320ab224f7,RWModel,0.0,-19.308881195448976,0.3292312026023865,0.0,0.999999999999834,2.898828033825464,0.0,0.0,0.0,0.0
5dbdf54d13d4c7320ab224f7,Bayes,1.0,-28.47213423391804,1.814471960067749,9.163253038469064,0.0,3.1397739006326564,1.48062661609228,0.0,0.0,0.0
5dbdf54d13d4c7320ab224f7,WSLS,2.0,-30.7177483192645,0.9153515696525574,11.408867123815526,1.658673198789984e-13,4.3126085412753365,3.302419339456559,0.0,0.0,0.0
5dd06a074ad3e2149c884661,RWModel,0.0,-15.020767791304934,0.8535138964653015,0.0,0.5818371869653604,3.741518488126641,0.0,1.0,0.0,0.0
5dd06a074ad3e2149c884661,Bayes,1.0,-15.052167048561389,1.5997180938720703,0.0313992572564529,0.2656197000992928,3.7418313935379177,1.838671613980037,1.0,0.0,0.0
5dd06a074ad3e2149c884661,WSLS,2.0,-20.369609446497638,0.9353376030921936,5.3488416551927,0.1525431129353468,5.109614911850394,4.7500110499948685,0.0,0.0,0.0
5dd3eb4bc0823f3d043b96fb,Bayes,0.0,-1.0313424589548958,0.0210885535925626,0.0,0.9999999999725492,0.031199419444421,0.0,0.0,0.0,0.0
5dd3eb4bc0823f3d043b96fb,RWModel,1.0,-41.57328086187428,0.3857808709144592,40.541938402919385,0.0,0.646391751303619,0.6603639356553436,0.0,0.0,0.0
5dd3eb4bc0823f3d043b96fb,WSLS,2.0,-42.01094468100928,0.283414214849472,40.97960222205438,2.745070837306685e-11,0.8004924576203952,0.8276515387899311,0.0,0.0,0.0
5dd59e901986eb55f1e2cb22,WSLS,0.0,-26.13751260144636,0.9302972555160522,0.0,0.8261784037781318,4.837479821529268,0.0,0.0,0.0,0.0
5dd59e901986eb55f1e2cb22,Bayes,1.0,-26.183747718809173,1.4209436178207395,0.0462351173628121,0.0,4.258315104946222,1.4942046161551894,0.0,0.0,0.0
5dd59e901986eb55f1e2cb22,RWModel,2.0,-31.10540677070649,1.6292740106582642,4.967894169260133,0.1738215962218682,3.920016445558934,3.9743030153450265,0.0,0.0,0.0
5dd5bc3bd5cef8000b9861d5,RWModel,0.0,-24.447120074726,1.4568127393722534,0.0,0.8201729309187823,4.967552953371173,0.0,0.0,0.0,0.0
5dd5bc3bd5cef8000b9861d5,Bayes,1.0,-26.111696874024343,1.4844868183135986,1.6645767992983451,0.1798270690812178,3.5496528451608835,2.314357205710028,0.0,0.0,0.0
5dd5bc3bd5cef8000b9861d5,WSLS,2.0,-30.816736242268234,1.0137135982513428,6.369616167542233,0.0,4.324087646539254,3.831095039225111,0.0,0.0,0.0
5ddae85b393bd3a44d7cbaaa,RWModel,0.0,-16.46415646497917,0.7114356160163879,0.0,1.0,2.9316993445442603,0.0,0.0,0.0,0.0
5ddae85b393bd3a44d7cbaaa,Bayes,1.0,-21.404020454036072,1.631327748298645,4.939863989056903,1.3172796187177482e-13,4.202172965425506,2.4161440942252943,0.0,0.0,0.0
5ddae85b393bd3a44d7cbaaa,WSLS,2.0,-30.793825697619468,0.9922547340393066,14.3296692326403,0.0,4.33611140893814,3.609412440462152,0.0,0.0,0.0
5dde8fba82f458000c8c7c75,WSLS,0.0,-20.40767980297096,0.9716999530792236,0.0,0.743232261508997,5.115374224550384,0.0,0.0,0.0,0.0
5dde8fba82f458000c8c7c75,Bayes,1.0,-20.565541351679716,1.3029028177261353,0.1578615487087518,0.0,4.4104163908124425,1.133768954884408,0.0,0.0,0.0
5dde8fba82f458000c8c7c75,RWModel,2.0,-25.111432840982214,1.626691222190857,4.703753038011257,0.256767738491003,4.633607273415404,4.948257323871583,1.0,0.0,0.0
5de1ac810f8b6721970ab78a,Bayes,0.0,-8.129416175943334,0.9586265683174132,0.0,0.8855940051909804,2.5630139363863758,0.0,0.0,0.0,0.0
5de1ac810f8b6721970ab78a,WSLS,1.0,-9.6552864034893,0.7694592475891113,1.5258702275459657,0.1144059948090196,4.639490884810552,2.2597852444437363,0.0,0.0,0.0
5de1ac810f8b6721970ab78a,RWModel,2.0,-14.37649717633758,0.5111140608787537,6.247081000394246,0.0,2.8719406364271896,3.0402058342683134,0.0,0.0,0.0
5de2b1568f5cd52ecc1b14b8,RWModel,0.0,-15.66392448311467,1.2159903049468994,0.0,0.5944482321573039,3.344553020184283,0.0,1.0,0.0,0.0
5de2b1568f5cd52ecc1b14b8,Bayes,1.0,-16.41588489606511,1.9880142211914065,0.7519604129504387,0.3551396321507105,3.380120727399138,2.7433775966022096,1.0,0.0,0.0
5de2b1568f5cd52ecc1b14b8,WSLS,2.0,-26.183012874796987,0.9693679213523864,10.519088391682317,0.0504121356919855,4.802960679987796,5.663683922499295,0.0,0.0,0.0
5de7ca192294f172c699b7dc,RWModel,0.0,-38.61518611683277,1.63914954662323,0.0,0.833586756200622,2.416832549872315,0.0,0.0,0.0,0.0
5de7ca192294f172c699b7dc,Bayes,1.0,-39.46521756844595,0.8922629952430725,0.8500314516131766,0.0,1.767032746734014,1.5329411592324835,0.0,0.0,0.0
5de7ca192294f172c699b7dc,WSLS,2.0,-39.81201553717256,0.8246002197265625,1.1968294203397818,0.166413243799378,2.194427288040964,1.897134441217738,0.0,0.0,0.0
5dea794adf55eb196607c316,Bayes,0.0,-11.225682558491826,0.9265517592430116,0.0,0.5209880305244338,2.4174092303839503,0.0,0.0,0.0,0.0
5dea794adf55eb196607c316,RWModel,1.0,-11.909500054446651,1.2796244621276855,0.6838174959548269,0.4790119694755663,3.773449165902522,3.0162054001239045,1.0,0.0,0.0
5dea794adf55eb196607c316,WSLS,2.0,-22.490409588906918,0.9796587228775024,11.264727030415088,0.0,5.0680823500783045,4.326065158054742,0.0,0.0,0.0
5deb3ffdf375c625fa83bac7,WSLS,0.0,-15.572839019121602,0.8869698643684387,0.0,0.9292751837343252,5.1148455409491005,0.0,0.0,0.0,0.0
5deb3ffdf375c625fa83bac7,Bayes,1.0,-16.08439312025439,1.105808973312378,0.5115541011327878,0.0,4.568425208306291,0.9904655913752966,0.0,0.0,0.0
5deb3ffdf375c625fa83bac7,RWModel,2.0,-23.59357122759684,1.58210289478302,8.020732208475238,0.0707248162656748,4.69617741896705,3.994960897618464,1.0,0.0,0.0
5df9846d76f45070feedf075,RWModel,0.0,-10.268307345978885,0.3119813203811645,0.0,1.0,2.315859536180343,0.0,0.0,0.0,0.0
5df9846d76f45070feedf075,Bayes,1.0,-16.31417194311507,1.8429100513458248,6.045864597136188,1.9160784070493264e-12,4.414144339263528,3.077548146929731,1.0,0.0,0.0
5df9846d76f45070feedf075,WSLS,2.0,-32.155785467941314,1.039813995361328,21.88747812196243,0.0,4.1237250811624415,3.2101737883485097,0.0,0.0,0.0
5dfb693a73d72487b1fe495b,RWModel,0.0,-27.188501255801583,1.3622934818267822,0.0,0.9242418063977456,4.239749127331587,0.0,0.0,0.0,0.0
5dfb693a73d72487b1fe495b,Bayes,1.0,-30.060872070025653,1.5863341093063354,2.872370814224071,9.566382507727908e-18,3.6220778959747775,2.6217694155677336,0.0,0.0,0.0
5dfb693a73d72487b1fe495b,WSLS,2.0,-33.26977600157261,0.9416719675064088,6.081274745771028,0.0757581936022543,3.958181564242888,3.7012408870797615,0.0,0.0,0.0
5e0571b7e297d5fa932cf415,RWModel,0.0,-19.829574376297387,1.173222899436951,0.0,1.0,3.5500165554428644,0.0,1.0,0.0,0.0
5e0571b7e297d5fa932cf415,Bayes,1.0,-25.278940381482244,1.675113320350647,5.4493660051848565,6.104561300901423e-13,3.6192848407575697,2.5933737784751174,0.0,0.0,0.0
5e0571b7e297d5fa932cf415,WSLS,2.0,-35.4572346159257,0.9755041003227234,15.627660239628312,0.0,3.5214618753899063,3.0796334239901024,0.0,0.0,0.0
5e0e31c179f2fa58ed5bc904,WSLS,0.0,-15.632532340474429,0.938178300857544,0.0,0.9999999999984877,5.111801127095823,0.0,0.0,0.0,0.0
5e0e31c179f2fa58ed5bc904,Bayes,1.0,-16.844033056870103,1.0157077312469482,1.211500716395676,0.0,4.870478812426407,0.3100773720991459,0.0,0.0,0.0
5e0e31c179f2fa58ed5bc904,RWModel,2.0,-29.74055291197874,1.520380973815918,14.108020571504312,1.5123458041443882e-12,4.427928605195734,3.2146379694253238,0.0,0.0,0.0
5e38e79295ff561112eae457,Bayes,0.0,-9.741574409243183,1.0722742080688477,0.0,0.8447747888775946,2.8163894965910408,0.0,0.0,0.0,0.0
5e38e79295ff561112eae457,RWModel,1.0,-15.87823685175681,5.495854377746582,6.136662442513625,0.1552252111223028,6.346095064912209,5.642821966344171,1.0,0.0,0.0
5e38e79295ff561112eae457,WSLS,2.0,-33.270678591914475,0.9422999024391174,23.52910418267129,1.0258460747536446e-13,3.942810361203599,4.248988960625268,0.0,0.0,0.0
5e39a904d6786501d05eebaa,RWModel,0.0,-18.006095028443795,1.0581376552581787,0.0,0.8969761779182964,3.5014764016593034,0.0,1.0,0.0,0.0
5e39a904d6786501d05eebaa,Bayes,1.0,-21.32515275501646,1.501895546913147,3.319057726572666,0.1030238220817304,3.8346701403460575,2.8747571689428666,0.0,0.0,0.0
5e39a904d6786501d05eebaa,WSLS,2.0,-27.83885721117258,0.9788346886634828,9.832762182728786,0.0,4.657308110537092,3.627513946102072,0.0,0.0,0.0
5e3dd36d19be0d040a17f13f,WSLS,0.0,-15.526294781360775,0.8375626802444458,0.0,0.8048824310588794,5.082585879498862,0.0,0.0,0.0,0.0
5e3dd36d19be0d040a17f13f,Bayes,1.0,-15.891412152559496,1.3059124946594238,0.3651173711987212,0.0,4.549747759838955,1.3761262791499145,0.0,0.0,0.0
5e3dd36d19be0d040a17f13f,RWModel,2.0,-20.753927980200388,0.7974641919136047,5.227633198839612,0.1951175689411206,3.605178857715849,4.612626237816723,1.0,0.0,0.0
5e426dbfbc27ad10220a4cb3,RWModel,0.0,-39.83244267429876,1.3260196447372437,0.0,0.9999999999999998,2.0382107667648786,0.0,0.0,0.0,0.0
5e426dbfbc27ad10220a4cb3,WSLS,1.0,-41.42263117525727,0.5236424803733826,1.590188500958507,6.661338147750939e-16,1.3348014659518068,1.5302574498726031,0.0,0.0,0.0
5e426dbfbc27ad10220a4cb3,Bayes,2.0,-41.527691384078935,0.7067117691040039,1.6952487097801765,0.0,0.7812037600019858,1.5818230439403858,0.0,0.0,0.0
5e544727059e3744ccdd4c3b,WSLS,0.0,-33.29645994538441,0.967883825302124,0.0,1.0,3.938632769566518,0.0,0.0,0.0,0.0
5e544727059e3744ccdd4c3b,Bayes,1.0,-34.73804248031229,1.1431059837341309,1.4415825349278748,4.3798298321462426e-14,3.436241717358017,0.7304587189336534,0.0,0.0,0.0
5e544727059e3744ccdd4c3b,RWModel,2.0,-40.434616872284096,1.5704549551010132,7.138156926899683,0.0,1.614244462718455,2.962564211885328,0.0,0.0,0.0
5e58376293597e044d5af47a,RWModel,0.0,-12.873840994925558,0.7416640520095825,0.0,0.5128186845682046,3.142815656705403,0.0,0.0,0.0,0.0
5e58376293597e044d5af47a,Bayes,1.0,-13.889397975988686,2.214217185974121,1.0155569810631278,0.4871813154318371,4.261507724135632,3.4724960969791923,1.0,0.0,0.0
5e58376293597e044d5af47a,WSLS,2.0,-33.30663033761084,0.9772760272026062,20.43278934268528,0.0,3.922751053620359,3.59054389401446,0.0,0.0,0.0
5e6033dbfb4665381e27f2fc,RWModel,0.0,-21.95787163815112,1.4707224369049072,0.0,0.9999999999999372,4.3931207290908265,0.0,1.0,0.0,0.0
5e6033dbfb4665381e27f2fc,Bayes,1.0,-25.754505342571065,1.8393020629882808,3.7966337044199454,0.0,3.627107195500407,2.308202930981386,0.0,0.0,0.0
5e6033dbfb4665381e27f2fc,WSLS,2.0,-33.273050513118505,0.9441273808479308,11.315178874967389,6.283862319378386e-14,3.925775528496716,3.7523947042863592,0.0,0.0,0.0
5e66e1f76e2ba14640fe0032,WSLS,0.0,-36.47754294425249,1.0475002527236938,0.0,0.8798802655965479,3.344669398853344,0.0,0.0,0.0,0.0
5e66e1f76e2ba14640fe0032,Bayes,1.0,-37.33160812221468,1.3702242374420166,0.854065177962184,0.0,2.6987395861925445,1.2262899703334986,0.0,0.0,0.0
5e66e1f76e2ba14640fe0032,RWModel,2.0,-38.53099183033919,1.5046371221542358,2.0534488860866986,0.1201197344034521,2.7237366630870348,2.283884308023032,0.0,0.0,0.0
5e6ef5fbf14d264ae2ef3867,WSLS,0.0,-30.761769134085625,0.960513949394226,0.0,0.603166402454639,4.335529430753466,0.0,0.0,0.0,0.0
5e6ef5fbf14d264ae2ef3867,Bayes,1.0,-30.98778964718804,1.5975042581558228,0.2260205131024122,0.3820091504822938,3.612958467148748,1.7692543753542946,0.0,0.0,0.0
5e6ef5fbf14d264ae2ef3867,RWModel,2.0,-35.53553504490628,1.1501238346099854,4.773765910820657,0.0148244470630671,3.32212752616196,3.537185088435331,0.0,0.0,0.0
5e72e0d8adc903240ac70891,RWModel,0.0,-15.290166218184126,0.3246286511421203,0.0,0.4339842450190291,2.729676547596928,0.0,0.0,0.0,0.0
5e72e0d8adc903240ac70891,WSLS,1.0,-15.567007816163825,0.8911846876144409,0.2768415979796976,0.5660157549809693,5.146035608632898,4.623105297959264,0.0,0.0,0.0
5e72e0d8adc903240ac70891,Bayes,2.0,-15.672107942053117,1.1072828769683838,0.3819417238689915,1.5543122344752194e-15,4.223155007559641,3.603528403926592,0.0,0.0,0.0
5e77a65dcce2a2319f9e8849,RWModel,0.0,-12.549048323868192,0.7984852194786072,0.0,1.0,3.38486374699523,0.0,0.0,0.0,0.0
5e77a65dcce2a2319f9e8849,Bayes,1.0,-15.24176178360358,1.6120635271072388,2.692713459735387,1.9745316492958412e-13,3.975091041471991,1.2343716872954449,0.0,0.0,0.0
5e77a65dcce2a2319f9e8849,WSLS,2.0,-26.10577518865466,0.8877646327018738,13.55672686478647,0.0,4.76028052284594,4.352346377367319,0.0,0.0,0.0
5e83d36b6d7daf107aea7a7c,Bayes,0.0,-27.06157730612904,1.610127329826355,0.0,0.719492353250463,4.704914176058042,0.0,0.0,0.0,0.0
5e83d36b6d7daf107aea7a7c,RWModel,1.0,-29.345225852710428,1.3251982927322388,2.2836485465813894,0.2805076467495334,2.9168245582419607,3.593606795074665,0.0,0.0,0.0
5e83d36b6d7daf107aea7a7c,WSLS,2.0,-36.3571813935414,0.9289249181747437,9.295604087412356,3.552713678800501e-15,3.287160630302425,4.104436433533732,0.0,0.0,0.0
5e8d44819163b611f62d706c,WSLS,0.0,-33.25950311310589,0.9307381510734558,0.0,0.5785878859132051,3.9288976510562215,0.0,0.0,0.0,0.0
5e8d44819163b611f62d706c,RWModel,1.0,-34.18054124014452,2.873093366622925,0.921038127038628,0.4214121140867575,3.368733457529309,3.452473135154132,0.0,0.0,0.0
5e8d44819163b611f62d706c,Bayes,2.0,-34.993235271424055,1.3950039148330688,1.733732158318162,3.7303493627405266e-14,3.2380431806184453,1.018916556497038,0.0,0.0,0.0
5ea5dda01e785206619817dd,RWModel,0.0,-37.61595119114301,1.4290105104446411,0.0,0.9796199897385012,2.921305839836774,0.0,0.0,0.0,0.0
5ea5dda01e785206619817dd,Bayes,1.0,-39.46087370114401,1.0816893577575684,1.844922510001,0.0203800102614986,1.9990839524391828,1.9229658652632653,0.0,0.0,0.0
5ea5dda01e785206619817dd,WSLS,2.0,-39.7907803086564,0.7965443134307861,2.1748291175133843,0.0,2.225453404437752,2.088194867876741,0.0,0.0,0.0
5ea74bccac99141164dfceeb,Bayes,0.0,-35.98258815752342,1.5010473728179932,0.0,0.9013944556549236,3.079183961989094,0.0,0.0,0.0,0.0
5ea74bccac99141164dfceeb,WSLS,1.0,-37.2492370181717,0.9558572173118592,1.2666488606482744,0.0986055443450765,3.08235943086778,1.7971203711535253,0.0,0.0,0.0
5ea74bccac99141164dfceeb,RWModel,2.0,-37.2927763654443,1.5279438495635986,1.3101882079208735,0.0,3.054342251736255,1.219263863427484,0.0,0.0,0.0
5ea951b52400a202e1b6fc7a,WSLS,0.0,-33.18575556157157,0.8572214245796204,0.0,0.7688567431308408,3.922224605476786,0.0,0.0,0.0,0.0
5ea951b52400a202e1b6fc7a,Bayes,1.0,-33.41668916121125,1.339802622795105,0.2309335996396839,0.0,3.552260026774372,1.3899721068548063,0.0,0.0,0.0
5ea951b52400a202e1b6fc7a,RWModel,2.0,-35.29810383741278,1.8218740224838257,2.1123482758412138,0.2311432568691591,3.693709392917112,2.875994942709012,0.0,0.0,0.0
5eacd804f32e3b346f023b32,RWModel,0.0,-29.936640225284464,1.3082257509231567,0.0,0.9596537530420288,4.404591314599919,0.0,0.0,0.0,0.0
5eacd804f32e3b346f023b32,Bayes,1.0,-32.31066583842039,1.4479204416275024,2.3740256131359283,0.0,3.280860929384848,1.86447055421441,0.0,0.0,0.0
5eacd804f32e3b346f023b32,WSLS,2.0,-34.44095984660089,0.99133962392807,4.504319621316427,0.0403462469579711,3.740533785041962,3.046420127887254,0.0,0.0,0.0
5eb983034987d1074b5232ce,WSLS,0.0,-37.15007671248168,0.8583420515060425,0.0,0.8247995750119702,3.0258840089093733,0.0,0.0,0.0,0.0
5eb983034987d1074b5232ce,Bayes,1.0,-37.853451198898256,1.1499695777893066,0.7033744864165783,0.0,2.1296007684487948,1.4220049967431514,0.0,0.0,0.0
5eb983034987d1074b5232ce,RWModel,2.0,-38.55420562988729,1.463400959968567,1.4041289174056146,0.1752004249880298,2.6710371946193447,2.076881454499561,0.0,0.0,0.0
5ec44da606cb7931f04a35e9,RWModel,0.0,-19.447997181360734,1.1098546981811523,0.0,0.8511325210380551,3.562009216086307,0.0,0.0,0.0,0.0
5ec44da606cb7931f04a35e9,Bayes,1.0,-24.555985948536545,2.743995428085327,5.107988767175812,0.0,3.909042372303826,2.248564704583629,1.0,0.0,0.0
5ec44da606cb7931f04a35e9,WSLS,2.0,-26.138712527696043,0.9243465065956116,6.69071534633531,0.1488674789619448,4.787899617912747,4.569572938626945,0.0,0.0,0.0
5ed062703c9248144a334cb4,RWModel,0.0,-19.87013146674144,1.1065119504928589,0.0,0.5192264378787861,3.456978875212885,0.0,1.0,0.0,0.0
5ed062703c9248144a334cb4,Bayes,1.0,-20.133327821502466,1.5978636741638184,0.2631963547610212,0.4807735621212139,3.833137681387103,3.015154514659711,0.0,0.0,0.0
5ed062703c9248144a334cb4,WSLS,2.0,-26.135913777863607,0.92548269033432,6.265782311122166,0.0,4.810563729246152,4.505601755596958,0.0,0.0,0.0
5ed5afc6e8229914710ada06,RWModel,0.0,-12.355606843790156,1.0488226413726809,0.0,0.6360459346103288,4.038213528174437,0.0,1.0,0.0,0.0
5ed5afc6e8229914710ada06,Bayes,1.0,-12.60159909183858,1.552053928375244,0.2459922480484238,0.3639540653896713,4.118078755134346,1.278937044957144,1.0,0.0,0.0
5ed5afc6e8229914710ada06,WSLS,2.0,-29.386305693071336,0.994416117668152,17.03069884928118,0.0,4.4601058341800375,4.774286571238507,0.0,0.0,0.0
5ee3c01c7247c006e9a3f4fd,RWModel,0.0,-18.634908556288792,1.388569712638855,0.0,0.9966817815279496,4.711379670535234,0.0,1.0,0.0,0.0
5ee3c01c7247c006e9a3f4fd,Bayes,1.0,-24.248860963154584,1.8424842357635496,5.613952406865792,3.3590048863759944e-14,3.9140709109132654,2.4732358378893298,0.0,0.0,0.0
5ee3c01c7247c006e9a3f4fd,WSLS,2.0,-30.81079228594899,1.0043972730636597,12.1758837296602,0.0033182184720168,4.292892142698097,4.561999567361765,0.0,0.0,0.0
5ee6d6e22472a0463a271bd8,Bayes,0.0,-8.007214543409646,1.0230554342269895,0.0,0.9343156619486398,2.548925140552151,0.0,0.0,0.0,0.0
5ee6d6e22472a0463a271bd8,WSLS,1.0,-9.729182181006763,0.8407418131828308,1.7219676375971176,0.0656843380513602,4.682991551439841,2.3356183233244403,0.0,0.0,0.0
5ee6d6e22472a0463a271bd8,RWModel,2.0,-12.90822505711003,0.868926465511322,4.901010513700385,0.0,3.272140987982931,2.4840555000042084,0.0,0.0,0.0
5eec414abde13046f6d9f6b5,Bayes,0.0,-37.38267318997532,0.9159149527549744,0.0,0.6435816482260404,2.2371875948538253,0.0,0.0,0.0,0.0
5eec414abde13046f6d9f6b5,RWModel,1.0,-38.01866732630879,1.5788497924804688,0.6359941363334656,0.3564183517739293,2.309694324836406,2.1335086440433155,0.0,0.0,0.0
5eec414abde13046f6d9f6b5,WSLS,2.0,-41.02030743379146,0.7141427993774414,3.637634243816137,3.0420110874729296e-14,1.6581760389122562,1.5943611539232525,0.0,0.0,0.0
5eec8774ff59de0009913a65,RWModel,0.0,-7.110091173634059,1.036908507347107,0.0,1.0,2.734426494165389,0.0,1.0,0.0,0.0
5eec8774ff59de0009913a65,Bayes,1.0,-10.787231409281958,1.3489952087402344,3.677140235647897,2.81830114801096e-13,4.11373630046354,2.464462693234385,1.0,0.0,0.0
5eec8774ff59de0009913a65,WSLS,2.0,-29.435245111119,1.050839066505432,22.325153937484934,0.0,4.53241584500908,4.482723357296875,0.0,0.0,0.0
5efbd29efa42a718ebf2dcc6,WSLS,0.0,-0.9710167376615572,0.0143688647076487,0.0,0.9999999999992302,2.761681670277472e-10,0.0,0.0,0.0,0.0
5efbd29efa42a718ebf2dcc6,Bayes,1.0,-2.102465129457414,0.0700325742363929,1.1314483917958569,0.0,0.1577906282106861,0.1577906282570099,0.0,0.0,0.0
5efbd29efa42a718ebf2dcc6,RWModel,2.0,-16.544594806931855,0.3751679062843323,15.573578069270296,7.698286452750835e-13,2.782582136904476,2.782582136951396,0.0,0.0,0.0
5effa1b1767027080863869d,Bayes,0.0,-8.70418050151784,0.9158570766448976,0.0,0.715061903291133,2.5346258044253904,0.0,0.0,0.0,0.0
5effa1b1767027080863869d,RWModel,1.0,-9.68790069779982,0.5375687479972839,0.983720196281979,0.2849380967089046,2.987642082149425,2.3854486902041256,0.0,0.0,0.0
5effa1b1767027080863869d,WSLS,2.0,-27.762491314904764,0.906668782234192,19.058310813386925,0.0,4.675464898454968,4.537696173717146,0.0,0.0,0.0
5f03e4a77df42060e6b3dd13,RWModel,0.0,-18.037305623554857,0.4907086193561554,0.0,1.0,2.9112035499803603,0.0,0.0,0.0,0.0
5f03e4a77df42060e6b3dd13,Bayes,1.0,-27.231483672047037,1.726805329322815,9.194178048492176,1.486033518460772e-13,3.306556526211693,1.580352780515052,0.0,0.0,0.0
5f03e4a77df42060e6b3dd13,WSLS,2.0,-37.27202043449506,0.9796133637428284,19.234714810940204,0.0,3.066440353189081,2.271359804797856,0.0,0.0,0.0
5f048fdc0aea5b0ae3215fc9,Bayes,0.0,-33.733399809803814,1.4873223304748535,0.0,0.222953147532636,3.5686664472413945,0.0,0.0,0.0,0.0
5f048fdc0aea5b0ae3215fc9,WSLS,1.0,-34.32172674359754,0.8720797896385193,0.5883269337937236,0.4462751973476207,3.7397603871540857,1.83880412397005,0.0,0.0,0.0
5f048fdc0aea5b0ae3215fc9,RWModel,2.0,-34.734332557040034,1.4433239698410034,1.0009327472362202,0.3307716551197432,3.716767033642047,1.9404102993333765,0.0,0.0,0.0
5f202fb60bd98f087818ea51,RWModel,0.0,-22.552108863379416,0.6496058106422424,0.0,0.5743213297321411,3.476986593505774,0.0,1.0,0.0,0.0
5f202fb60bd98f087818ea51,WSLS,1.0,-24.333792332326997,0.9038272500038148,1.7816834689475778,0.4256786702678668,4.952397933581732,4.186646104703906,0.0,0.0,0.0
5f202fb60bd98f087818ea51,Bayes,2.0,-24.92503431229852,1.146552324295044,2.372925448919106,0.0,4.299436865077698,3.4244685029711914,0.0,0.0,0.0
5f4ad685a1429a13599bfb44,WSLS,0.0,-5.884578512283042,0.5637617707252502,0.0,0.958386379688781,3.918758814568805,0.0,1.0,0.0,0.0
5f4ad685a1429a13599bfb44,Bayes,1.0,-6.651750897697639,0.5765845775604248,0.7671723854145966,9.559255809870434e-16,3.399629117297412,0.5533918313783333,1.0,0.0,0.0
5f4ad685a1429a13599bfb44,RWModel,2.0,-18.10384234435014,0.3499341905117035,12.2192638320671,0.0416136203112179,2.804347007606018,4.276200965370535,0.0,0.0,0.0
5f4ed218350d2a11c049eae4,RWModel,0.0,-11.448019447287152,0.7527822256088257,0.0,1.0,3.5593740411510857,0.0,1.0,0.0,0.0
5f4ed218350d2a11c049eae4,Bayes,1.0,-12.71187134180218,1.465896487236023,1.263851894515028,0.0,3.817270094063656,1.0764426727546794,0.0,0.0,0.0
5f4ed218350d2a11c049eae4,WSLS,2.0,-20.35171589325182,0.9224308729171752,8.90369644596467,0.0,5.124866451963704,4.368219942797415,0.0,0.0,0.0
5f55547aec923290d5bd7ae0,WSLS,0.0,-18.13677541411016,0.9685715436935424,0.0,0.9207502905708542,5.160766857784996,0.0,0.0,0.0,0.0
5f55547aec923290d5bd7ae0,Bayes,1.0,-18.66453988465946,1.069840908050537,0.5277644705493003,1.3361140463146537e-15,4.572268399472014,0.8818815242424972,0.0,0.0,0.0
5f55547aec923290d5bd7ae0,RWModel,2.0,-27.08079601406644,1.4554855823516846,8.944020599956275,0.0792497094291444,5.076390823457765,4.277375824490508,1.0,0.0,0.0
5f567a4e1674e50a419dedf3,RWModel,0.0,-39.85156913357787,1.3888726234436035,0.0,0.9692301912762528,2.0216617029369206,0.0,0.0,0.0,0.0
5f567a4e1674e50a419dedf3,WSLS,1.0,-41.02036078181118,0.7047547101974487,1.1687916482333094,0.0307698087237472,1.679324600269584,1.5773188123205033,0.0,0.0,0.0
5f567a4e1674e50a419dedf3,Bayes,2.0,-41.57279009651393,0.9898943305015564,1.7212209629360586,0.0,0.5066717142665109,1.7076945237206016,0.0,0.0,0.0
5f78ffb7859b2e500488f5d1,WSLS,0.0,-37.98844836652279,0.9089619517326356,0.0,0.6503075741950255,2.859238452322943,0.0,0.0,0.0,0.0
5f78ffb7859b2e500488f5d1,Bayes,1.0,-38.04991538915783,1.2083617448806765,0.0614670226350426,0.0337278306667595,2.4717376229426367,1.2514096120742726,0.0,0.0,0.0
5f78ffb7859b2e500488f5d1,RWModel,2.0,-38.71450990944868,1.50611674785614,0.7260615429258905,0.3159645951382149,2.463832609287901,2.127037395761881,0.0,0.0,0.0
5f80c3b14dc3ba1509305a89,Bayes,0.0,-19.05611605150625,1.586418628692627,0.0,0.9999999999989496,4.888694093444108,0.0,1.0,0.0,0.0
5f80c3b14dc3ba1509305a89,RWModel,1.0,-24.37935208016107,1.3171638250350952,5.323236028654818,0.0,4.482159732877233,2.8630989365461867,0.0,0.0,0.0
5f80c3b14dc3ba1509305a89,WSLS,2.0,-33.2614285168238,0.9328504800796508,14.205312465317547,1.0504930259003233e-12,3.932329402953126,4.303214743196505,0.0,0.0,0.0
5f9b1ec2a1794a2ecec61812,Bayes,0.0,-31.413888826500624,2.0621225833892822,0.0,0.3624562223972242,3.5417561733882854,0.0,0.0,0.0,0.0
5f9b1ec2a1794a2ecec61812,WSLS,1.0,-32.055254351347685,0.9396236538887024,0.6413655248470604,0.4188147898744225,4.112102835004338,2.7467980615252587,0.0,0.0,0.0
5f9b1ec2a1794a2ecec61812,RWModel,2.0,-32.94931256037671,1.7405341863632202,1.5354237338760868,0.2187289877283532,3.572380582667164,2.402540722206714,0.0,0.0,0.0
5fb146f0bc045b5af5fb88be,RWModel,0.0,-33.38156884198543,2.40421199798584,0.0,0.772007996751242,3.807272714153135,0.0,0.0,0.0,0.0
5fb146f0bc045b5af5fb88be,Bayes,1.0,-34.45288740238175,1.3008172512054443,1.0713185603963211,0.2279920032487585,3.4392839103792685,2.027860485825608,0.0,0.0,0.0
5fb146f0bc045b5af5fb88be,WSLS,2.0,-39.26910600578413,0.8367721438407898,5.887537163798697,0.0,2.4600084185666558,3.042428906327752,0.0,0.0,0.0
5fc2c0cfdb80f9025c6b4810,RWModel,0.0,-13.728267756572905,0.3657780289649963,0.0,0.7190985557908915,2.7167449396961363,0.0,0.0,0.0,0.0
5fc2c0cfdb80f9025c6b4810,Bayes,1.0,-17.012484215782024,1.326306939125061,3.2842164592091194,1.1528595014650069e-15,3.937840733972624,3.1477572835129224,0.0,0.0,0.0
5fc2c0cfdb80f9025c6b4810,WSLS,2.0,-18.1134102717042,0.9344375133514404,4.385142515131292,0.2809014442091073,5.114944630813715,4.562510232696485,0.0,0.0,0.0
5fca97a4b105427256733533,WSLS,0.0,-32.14779127016664,1.034939169883728,0.0,0.7687764062877399,4.196840577757849,0.0,0.0,0.0,0.0
5fca97a4b105427256733533,Bayes,1.0,-33.31067015323788,1.4264014959335327,1.1628788830712438,2.1721055720594564e-15,3.3610295071949583,1.2846970164772002,0.0,0.0,0.0
5fca97a4b105427256733533,RWModel,2.0,-34.32705119589809,1.9042068719863887,2.1792599257314578,0.2312235937122578,3.547365679674166,2.9174240744244395,0.0,0.0,0.0
5fcdbe153ce79b287e15344e,WSLS,0.0,-9.647368952981196,0.7810255289077759,0.0,0.836371745885426,4.681728770882829,0.0,0.0,0.0,0.0
5fcdbe153ce79b287e15344e,Bayes,1.0,-10.081297306809574,0.9995168447494508,0.433928353828378,0.1636282541145764,4.043928347705148,1.1307330488877143,1.0,0.0,0.0
5fcdbe153ce79b287e15344e,RWModel,2.0,-19.128037355432756,0.9320234656333924,9.480668402451556,0.0,3.7189140028826047,3.3547975547349997,0.0,0.0,0.0
5fed6c9c0d786daf31f29f3d,Bayes,0.0,-41.51318726991303,0.4537032842636108,0.0,0.999999999999999,0.3451975273587987,0.0,0.0,0.0,0.0
5fed6c9c0d786daf31f29f3d,RWModel,1.0,-41.66547931651267,0.268413633108139,0.15229204659964,3.226585665316861e-16,0.48981420691439,0.4581931023328494,0.0,0.0,0.0
5fed6c9c0d786daf31f29f3d,WSLS,2.0,-42.06110165826976,0.2961165606975555,0.5479143883567303,6.661338147750939e-16,0.8271969516377696,0.54744866399265,0.0,0.0,0.0
5fefefa4c9707d3516361c9c,WSLS,0.0,-33.25998152280226,0.9302296042442322,0.0,0.7812844072159766,3.9062592163334062,0.0,0.0,0.0,0.0
5fefefa4c9707d3516361c9c,Bayes,1.0,-34.87454028381035,1.285672664642334,1.6145587610080838,0.0,3.213446946034801,0.8980804266184397,0.0,0.0,0.0
5fefefa4c9707d3516361c9c,RWModel,2.0,-35.200918621511136,1.3952913284301758,1.9409370987088708,0.2187155927840234,3.5964357535454248,2.679003339276376,0.0,0.0,0.0
60035a7089252e07b1d4b077,WSLS,0.0,-20.356438583228737,0.9155341386795044,0.0,0.5662583015083072,5.078863199016086,0.0,0.0,0.0,0.0
60035a7089252e07b1d4b077,Bayes,1.0,-20.637081226333976,1.8739681243896484,0.2806426431052387,0.0,4.412099731322426,1.8434084428756816,0.0,0.0,0.0
60035a7089252e07b1d4b077,RWModel,2.0,-20.7950987975064,1.420936107635498,0.438660214277661,0.4337416984916927,4.565727868421369,4.975450470881468,1.0,0.0,0.0
601caaeb332e2d822171fbb7,Bayes,0.0,-34.790435855742544,1.0719181299209597,0.0,0.9999999999999754,3.0908127255561686,0.0,0.0,0.0,0.0
601caaeb332e2d822171fbb7,RWModel,1.0,-39.53969216114638,1.300846815109253,4.749256305403833,0.0,2.2256376956464674,1.763272275551021,0.0,0.0,0.0
601caaeb332e2d822171fbb7,WSLS,2.0,-39.779814317822456,0.8005900382995605,4.989378462079912,2.4646951146678475e-14,2.1437362442701566,1.9808725468214616,0.0,0.0,0.0
602348484d326a1c5aa80bb7,RWModel,0.0,-15.068500155110817,1.727638840675354,0.0,0.5638513124365829,3.695320778155254,0.0,1.0,0.0,0.0
602348484d326a1c5aa80bb7,Bayes,1.0,-15.590457733836956,1.9631351232528689,0.5219575787261435,0.4361486875634168,3.472231125246089,2.522925523145243,1.0,0.0,0.0
602348484d326a1c5aa80bb7,WSLS,2.0,-29.30450262920931,0.9211117029190063,14.236002474098497,2.220446049250313e-16,4.520738625585628,5.029806552537482,0.0,0.0,0.0
6025b6e60ac9cb1ae2b1875a,WSLS,0.0,-34.35594489146024,0.9049795866012572,0.0,0.9999999999999718,3.6789963213407617,0.0,0.0,0.0,0.0
6025b6e60ac9cb1ae2b1875a,Bayes,1.0,-35.80430390685797,1.4165818691253662,1.4483590153977275,0.0,2.937147691689683,1.040401902110273,0.0,0.0,0.0
6025b6e60ac9cb1ae2b1875a,RWModel,2.0,-38.340430336480495,1.4075638055801392,3.984485445020255,2.8199664825478976e-14,2.627806412598817,2.250854451725565,0.0,0.0,0.0
60284b049e884437b220b172,Bayes,0.0,-7.692291535553522,0.7819473743438721,0.0,1.0,2.5145788740428907,0.0,0.0,0.0,0.0
60284b049e884437b220b172,RWModel,1.0,-11.836323855466617,0.8477802276611328,4.144032319913094,5.767053501415377e-13,3.120837608739798,2.1318780884676847,0.0,0.0,0.0
60284b049e884437b220b172,WSLS,2.0,-26.132702998351306,0.9214574098587036,18.440411462797783,0.0,4.805802259758437,5.053076933868516,0.0,0.0,0.0
603e50bc791c600d83607ded,Bayes,0.0,-37.6063223965466,1.89036226272583,0.0,0.8216510352678633,2.524364871481498,0.0,0.0,0.0,0.0
603e50bc791c600d83607ded,RWModel,1.0,-40.95588098966083,0.8660867810249329,3.3495585931142235,0.1783489647321356,1.2480309832002994,3.2321354582186443,0.0,0.0,0.0
603e50bc791c600d83607ded,WSLS,2.0,-42.08200460975058,0.2476702183485031,4.4756822132039815,1.1102230246251563e-15,0.7369429880072447,3.0194287669671533,0.0,0.0,0.0
6042794fe3c49714bee3e9cf,WSLS,0.0,-18.10829221503809,0.9408599734306335,0.0,0.9999999999996084,5.15213402845358,0.0,0.0,0.0,0.0
6042794fe3c49714bee3e9cf,Bayes,1.0,-19.2729630661197,0.9730635285377502,1.1646708510816095,0.0,4.855345980531605,0.3702095372359563,0.0,0.0,0.0
6042794fe3c49714bee3e9cf,RWModel,2.0,-30.02247220256686,1.2971107959747314,11.914179987528769,3.914646384828302e-13,4.442408571595319,2.4180544249939926,0.0,0.0,0.0
6056962634a5230dacdb63fc,Bayes,0.0,-20.11132721300237,2.3547887802124023,0.0,0.8017192527319036,3.838998604509616,0.0,1.0,0.0,0.0
6056962634a5230dacdb63fc,RWModel,1.0,-24.431265234481543,1.6780885457992554,4.319938021479175,0.0,4.061346448200934,2.423326013439848,0.0,0.0,0.0
6056962634a5230dacdb63fc,WSLS,2.0,-27.78114194702357,0.9189574122428894,7.669814734021202,0.1982807472680964,4.628613231746308,5.345568008370507,0.0,0.0,0.0
606cb96e376dd4a3b40a3fc9,RWModel,0.0,-17.93918075639158,0.5167320966720581,0.0,0.9999999999996796,2.862988196001809,0.0,0.0,0.0,0.0
606cb96e376dd4a3b40a3fc9,Bayes,1.0,-22.676661818753928,2.068267822265625,4.737481062362349,0.0,3.606955824228765,1.909971677289899,0.0,0.0,0.0
606cb96e376dd4a3b40a3fc9,WSLS,2.0,-29.374665438896045,0.9881083965301514,11.435484682504466,3.2041036490682023e-13,4.501135066185922,3.803685758874285,0.0,0.0,0.0
60805973b343054738e6bf29,RWModel,0.0,-22.708595605607456,1.1652740240097046,0.0,0.6735678672537313,4.596187422183606,0.0,1.0,0.0,0.0
60805973b343054738e6bf29,Bayes,1.0,-23.723561543272808,1.5734350681304932,1.0149659376653517,0.1219960381850768,4.0216015833286205,3.072486032998667,0.0,0.0,0.0
60805973b343054738e6bf29,WSLS,2.0,-26.22965707071125,1.0205907821655271,3.5210614651037986,0.2044360945611918,4.845225337443926,4.255621584938341,0.0,0.0,0.0
60928b55a027ee7893ed76e5,RWModel,0.0,-14.386280629893008,1.093166470527649,0.0,0.5112504950330895,3.40228516987381,0.0,0.0,0.0,0.0
60928b55a027ee7893ed76e5,Bayes,1.0,-14.780368672101758,1.6953115463256836,0.3940880422087502,0.4887495049669089,3.534892545713873,3.281163811819799,1.0,0.0,0.0
60928b55a027ee7893ed76e5,WSLS,2.0,-24.38008367572911,0.9380555152893066,9.993803045836104,1.5543122344752194e-15,4.902090390799794,4.799115663662553,0.0,0.0,0.0
609883eb464c849ecf492cb6,WSLS,0.0,-12.855069097946398,0.8866643905639648,0.0,0.8574274989433796,4.949198813478268,0.0,0.0,0.0,0.0
609883eb464c849ecf492cb6,Bayes,1.0,-13.089647986809725,0.7880532741546631,0.2345788888633251,0.0,4.249226614568053,0.7502539966425498,0.0,0.0,0.0
609883eb464c849ecf492cb6,RWModel,2.0,-20.68412409121447,0.5419617295265198,7.829054993268073,0.1425725010566204,3.1534959623705543,4.821192802461441,0.0,0.0,0.0
609d9daee86664c8fa9dbe93,RWModel,0.0,-34.09821670904057,1.448471188545227,0.0,0.9999999999999708,3.713977114866703,0.0,0.0,0.0,0.0
609d9daee86664c8fa9dbe93,Bayes,1.0,-37.20932243205607,1.7776554822921753,3.1111057230154984,0.0,3.8652514294196014,2.38065279665737,0.0,0.0,0.0
609d9daee86664c8fa9dbe93,WSLS,2.0,-41.60260382434353,0.4738301038742065,7.504387115302961,2.90878432451791e-14,1.2010527706521934,3.242763166746404,0.0,0.0,0.0
60a36df4d69b4a6a7a8b015a,RWModel,0.0,-13.992690395363669,0.3102324306964874,0.0,0.5159793101236263,2.6694000204625143,0.0,0.0,0.0,0.0
60a36df4d69b4a6a7a8b015a,Bayes,1.0,-15.24910540843848,1.2034235000610352,1.2564150130748146,0.0,4.111884282201983,3.416648761224781,0.0,0.0,0.0
60a36df4d69b4a6a7a8b015a,WSLS,2.0,-15.52845243923366,0.8304725289344788,1.535762043869994,0.4840206898763737,5.055297501929659,4.513875584630173,0.0,0.0,0.0
60a89e4018424e53824f0658,Bayes,0.0,-8.090059793408727,0.8894596695899963,0.0,1.0,2.616790748715394,0.0,0.0,0.0,0.0
60a89e4018424e53824f0658,RWModel,1.0,-13.130598283780271,1.108814001083374,5.040538490371546,6.672995489509503e-13,3.2935838796457264,2.200058881504315,0.0,0.0,0.0
60a89e4018424e53824f0658,WSLS,2.0,-27.790597624145448,0.92810320854187,19.70053783073672,0.0,4.629612109839181,5.039431556153811,0.0,0.0,0.0
60b296b907e5c81c0ea774fb,WSLS,0.0,-18.0878192903474,0.9185434579849244,0.0,0.9999999999996992,5.139202852229341,0.0,0.0,0.0,0.0
60b296b907e5c81c0ea774fb,Bayes,1.0,-19.176594297750853,1.1023530960083008,1.0887750074034557,0.0,4.7730838972802605,0.712248877080995,0.0,0.0,0.0
60b296b907e5c81c0ea774fb,RWModel,2.0,-26.30671019379588,1.4066686630249023,8.218890903448482,3.008704396734174e-13,4.742935988060366,3.1768728861254267,0.0,0.0,0.0
60b5141acdfeaaf91d9dc145,Bayes,0.0,-17.27897271758411,1.7486592531204224,0.0,0.8769298053847243,4.901035383999592,0.0,1.0,0.0,0.0
60b5141acdfeaaf91d9dc145,RWModel,1.0,-21.000229430152103,1.4573575258255005,3.721256712567993,0.1230701946152766,4.542141736625969,3.1139105702759258,1.0,0.0,0.0
60b5141acdfeaaf91d9dc145,WSLS,2.0,-38.61500460328534,0.8270303010940552,21.33603188570123,0.0,2.6232870207339523,4.852963097508824,0.0,0.0,0.0
60ba46dc6d46a68f1c0bc952,RWModel,0.0,-20.71075201249019,0.7507567405700684,0.0,0.9999999999997452,3.6736420534376832,0.0,0.0,0.0,0.0
60ba46dc6d46a68f1c0bc952,Bayes,1.0,-26.532196944812316,1.7251944541931152,5.821444932322124,0.0,3.2934489128580067,2.6616091729187947,0.0,0.0,0.0
60ba46dc6d46a68f1c0bc952,WSLS,2.0,-32.12951712589711,1.0148348808288574,11.41876511340692,2.546851618490109e-13,4.141587188402603,3.163832193016693,0.0,0.0,0.0
60ceb924e780f774d14c14ee,Bayes,0.0,-26.336493312381208,1.2895057201385498,0.0,0.4547895653575521,3.506198075743334,0.0,0.0,0.0,0.0
60ceb924e780f774d14c14ee,RWModel,1.0,-26.455264984992027,1.2758983373641968,0.1187716726108192,0.5452104346424531,4.76316420087193,2.611005284007275,0.0,0.0,0.0
60ceb924e780f774d14c14ee,WSLS,2.0,-37.25323291961104,0.9573230743408204,10.916739607229829,0.0,3.1158113615603047,2.9639878601544303,0.0,0.0,0.0
60d2201d6d8c5564a26eb585,Bayes,0.0,-21.082713723997585,1.1083548069000244,0.0,0.8727459961770674,5.9297948812231365,0.0,0.0,0.0,0.0
60d2201d6d8c5564a26eb585,RWModel,1.0,-31.853069589298684,1.0851614475250244,10.7703558653011,0.1205133116596329,3.7511521453555288,5.371038718554124,0.0,0.0,0.0
60d2201d6d8c5564a26eb585,WSLS,2.0,-38.71387084200978,0.9211243391036988,17.631157118012197,0.0067406921632996,2.668966775720918,6.044499828370987,0.0,0.0,0.0
60db56e6fd19d11f53b1363a,WSLS,0.0,-15.720669593079949,1.0369747877120972,0.0,0.9044379175673564,5.187633599181092,0.0,0.0,0.0,0.0
60db56e6fd19d11f53b1363a,Bayes,1.0,-16.190263187512755,1.1771354675292969,0.4695935944328084,0.0,4.542055714016058,1.0822546198996508,0.0,0.0,0.0
60db56e6fd19d11f53b1363a,RWModel,2.0,-23.022767058945647,1.3271037340164185,7.3020974658657,0.0955620824326437,4.837279573611636,4.060770366096547,1.0,0.0,0.0
60e25008f1ecf0be303353bb,RWModel,0.0,-12.140567290422574,0.3628124892711639,0.0,0.9999999999993758,2.558166164737877,0.0,0.0,0.0,0.0
60e25008f1ecf0be303353bb,Bayes,1.0,-19.38114214397501,2.489654064178467,7.240574853552436,0.0,4.179276821419747,2.715872419452398,1.0,0.0,0.0
60e25008f1ecf0be303353bb,WSLS,2.0,-37.26265480509028,0.9696860313415528,25.122087514667705,6.24167384444263e-13,3.073420415284767,2.764676978546892,0.0,0.0,0.0
60e36d56350e661cf50f2c7e,WSLS,0.0,-38.02508889231831,0.9478775858879088,0.0,0.8401788972079351,2.8327574072307176,0.0,0.0,0.0,0.0
60e36d56350e661cf50f2c7e,RWModel,1.0,-39.2485828914034,1.4398571252822876,1.223493999085092,0.1598211027920618,2.34088021970767,1.8930729826555912,0.0,0.0,0.0
60e36d56350e661cf50f2c7e,Bayes,2.0,-39.51010649092496,1.166080355644226,1.485017598606646,2.997602166487923e-15,2.0781807222183564,0.86504135372085,0.0,0.0,0.0
60e5eceb989f38c746723024,Bayes,0.0,-16.03556342748925,1.5960733890533447,0.0,0.9784383210606082,4.563123698854488,0.0,0.0,0.0,0.0
60e5eceb989f38c746723024,RWModel,1.0,-20.294988960813495,1.245664358139038,4.259425533324247,0.0215616789393916,4.06522123463796,2.7078143332229287,0.0,0.0,0.0
60e5eceb989f38c746723024,WSLS,2.0,-27.876750186784196,1.0207310914993286,11.841186759294942,1.1102230246251563e-16,4.700788880041686,4.922715277508709,0.0,0.0,0.0
60f3c1b003bbf8263f002824,Bayes,0.0,-25.25900640175678,1.3915079832077026,0.0,9.311078536749157e-16,4.064644017144937,0.0,0.0,0.0,0.0
60f3c1b003bbf8263f002824,WSLS,1.0,-26.07793617201969,0.8677759170532227,0.8189297702629119,0.5508477344381858,4.800895124863025,1.6166866696178703,0.0,0.0,0.0
60f3c1b003bbf8263f002824,RWModel,2.0,-26.599756992924085,1.3211240768432615,1.340750591167307,0.4491522655618133,4.6779032456033,3.040357882664197,1.0,0.0,0.0
60f71eb315abd11a590fda93,RWModel,0.0,-26.941984105169468,1.268608570098877,0.0,0.5542058983780729,4.628032003485686,0.0,1.0,0.0,0.0
60f71eb315abd11a590fda93,WSLS,1.0,-27.86721357377246,1.0082420110702517,0.9252294686029928,0.4457941016219303,4.673111026040687,4.137823893822617,0.0,0.0,0.0
60f71eb315abd11a590fda93,Bayes,2.0,-28.560238791629672,1.4703693389892578,1.6182546864602043,0.0,3.7882658962855,3.309422461582563,0.0,0.0,0.0
60fce68245a71b6cf578c52d,WSLS,0.0,-39.23280763765797,0.8102812767028809,0.0,0.7715661626563834,2.400135797044206,0.0,0.0,0.0,0.0
60fce68245a71b6cf578c52d,RWModel,1.0,-40.033451763622,1.1801278591156006,0.8006441259640269,0.2284338373436168,1.912808743326888,1.7269521417207745,0.0,0.0,0.0
60fce68245a71b6cf578c52d,Bayes,2.0,-40.11695587541908,1.0835572481155396,0.8841482377611101,0.0,1.7988812938087648,0.8335182611360383,0.0,0.0,0.0
60fcec18d6375fa348df55f8,WSLS,0.0,-18.07139423326589,0.8968691229820251,0.0,0.9999999999998376,5.1136680722195775,0.0,0.0,0.0,0.0
60fcec18d6375fa348df55f8,Bayes,1.0,-19.17147727077827,0.9936828017234802,1.100083037512377,0.0,4.7683790305093146,0.5025770324104432,0.0,0.0,0.0
60fcec18d6375fa348df55f8,RWModel,2.0,-26.93214212048042,1.3199785947799685,8.86074788721453,1.6231460620019789e-13,4.770635433717403,3.395907512828178,0.0,0.0,0.0
60fd0adca696b6ceb4d32318,Bayes,0.0,-20.203038380364887,2.59122371673584,0.0,0.62541694729517,4.317742376308867,0.0,1.0,0.0,0.0
60fd0adca696b6ceb4d32318,RWModel,1.0,-21.85707889305195,1.533355712890625,1.654040512687061,0.3745830527048094,4.496296971585016,3.6587956105337023,1.0,0.0,0.0
60fd0adca696b6ceb4d32318,WSLS,2.0,-31.99087088741362,0.8769373297691345,11.787832507048734,2.0650148258027912e-14,4.131882384753467,4.325101720389038,0.0,0.0,0.0
60fd63b8d96491b3d955996d,WSLS,0.0,-12.80162638798356,0.8430171608924866,0.0,0.967378666832963,4.948070342229868,0.0,0.0,0.0,0.0
60fd63b8d96491b3d955996d,Bayes,1.0,-13.507481448701585,1.1984537839889526,0.7058550607180223,0.0326213331670206,4.48878586425089,1.090182572595523,0.0,0.0,0.0
60fd63b8d96491b3d955996d,RWModel,2.0,-24.342833230786937,1.289829969406128,11.541206842803376,1.63202784619898e-14,5.017298988073152,2.835570083178312,1.0,0.0,0.0
60fd6b02340bf3233276eba9,Bayes,0.0,-13.790774758381303,1.5878890752792358,0.0,0.5143982268800976,4.120834197673929,0.0,0.0,0.0,0.0
60fd6b02340bf3233276eba9,RWModel,1.0,-14.497928483149735,1.818104147911072,0.7071537247684319,0.4856017731199025,6.130698682306488,3.3525765588572822,1.0,0.0,0.0
60fd6b02340bf3233276eba9,WSLS,2.0,-30.669224855024368,0.8637352585792542,16.878450096643064,0.0,4.271446812554045,4.996933673912863,0.0,0.0,0.0
60fe1a1aef4770645874259f,RWModel,0.0,-18.81055370192007,0.8504039645195007,0.0,0.7098428351343681,3.473799394975659,0.0,1.0,0.0,0.0
60fe1a1aef4770645874259f,Bayes,1.0,-20.77373682335019,1.6091978549957275,1.96318312143012,0.0532779827286137,3.9086364025910183,3.04356107666064,0.0,0.0,0.0
60fe1a1aef4770645874259f,WSLS,2.0,-22.45543898129836,0.9385008811950684,3.644885279378286,0.2368791821370182,5.029362534655896,4.059016548718028,0.0,0.0,0.0
60febdfcf1584f5d722cb38e,WSLS,0.0,-22.461235146038234,0.9366497993469238,0.0,0.9480832009312647,4.996021922722399,0.0,0.0,0.0,0.0
60febdfcf1584f5d722cb38e,Bayes,1.0,-23.357728086644784,1.243887424468994,0.8964929406065494,2.5761162549361678e-15,4.510768761387068,0.8798670644432592,0.0,0.0,0.0
60febdfcf1584f5d722cb38e,RWModel,2.0,-29.78942560271209,1.5319401025772097,7.328190456673851,0.0519167990687327,4.302320563319434,3.693822966414157,0.0,0.0,0.0
60feca36e5108a79aa93f5ad,WSLS,0.0,-12.797142069786789,0.8374385833740234,0.0,0.913059640410532,4.9417483021827,0.0,0.0,0.0,0.0
60feca36e5108a79aa93f5ad,Bayes,1.0,-13.518008696497418,0.8474048972129822,0.720866626710631,0.0,4.402812368927155,0.646923509469675,0.0,0.0,0.0
60feca36e5108a79aa93f5ad,RWModel,2.0,-20.89517463170634,0.7198606133460999,8.098032561919553,0.086940359589468,3.4691710341380286,4.182350131623296,0.0,0.0,0.0
60ff580386f3c4733a19ab63,RWModel,0.0,-18.17141322243469,0.1188404932618141,0.0,0.7146384300280526,2.7471921355728552,0.0,0.0,0.0,0.0
60ff580386f3c4733a19ab63,Bayes,1.0,-21.76587577071041,1.191959261894226,3.5944625482757147,0.0,4.0560702508499045,3.356009964738212,0.0,0.0,0.0
60ff580386f3c4733a19ab63,WSLS,2.0,-22.46005112119019,0.9450446367263794,4.288637898755496,0.2853615699719474,5.0375145346965935,4.456714085428216,0.0,0.0,0.0
6100510f3582714cbbf35e60,Bayes,0.0,-8.598936825699639,0.9610241651535034,0.0,0.8974967980069373,2.870507261014456,0.0,0.0,0.0,0.0
6100510f3582714cbbf35e60,WSLS,1.0,-9.701550440804567,0.793550431728363,1.1026136151049286,0.102503201993062,4.619479900614183,1.8656655729031375,0.0,0.0,0.0
6100510f3582714cbbf35e60,RWModel,2.0,-19.126456184665685,0.4896792471408844,10.527519358966046,6.661338147750939e-16,2.8749924293491693,3.468576576603993,0.0,0.0,0.0
61009eabd7328bc5c7365699,WSLS,0.0,-22.409546413924545,0.9013323783874512,0.0,0.8328247449701658,5.058498240969939,0.0,0.0,0.0,0.0
61009eabd7328bc5c7365699,Bayes,1.0,-23.228927839780223,1.1963269710540771,0.8193814258556813,0.0,4.534949886362257,0.9391270242573008,0.0,0.0,0.0
61009eabd7328bc5c7365699,RWModel,2.0,-27.434394322846856,1.6138741970062256,5.024847908922311,0.1671752550298342,4.998632325807334,3.978590801279575,1.0,0.0,0.0
61029853180ae07e6a37dc87,WSLS,0.0,-27.78814597264864,0.9329814314842224,0.0,0.6482170852917043,4.687151918877287,0.0,0.0,0.0,0.0
61029853180ae07e6a37dc87,Bayes,1.0,-28.137246023863558,1.5984511375427246,0.3491000512149185,6.757986667975173e-17,4.104838127054033,1.78094933019449,0.0,0.0,0.0
61029853180ae07e6a37dc87,RWModel,2.0,-28.83846508280112,1.308253049850464,1.0503191101524862,0.3517829147082956,4.645633288880849,3.1607752895614194,0.0,0.0,0.0
6102feaf4f6002b3dbc4cdab,Bayes,0.0,-8.859360922448104,0.9161421656608582,0.0,0.9999999999994008,2.726429773391826,0.0,0.0,0.0,0.0
6102feaf4f6002b3dbc4cdab,RWModel,1.0,-11.754563754493574,0.5939478278160095,2.89520283204547,0.0,2.892755274394108,2.3794387836450155,0.0,0.0,0.0
6102feaf4f6002b3dbc4cdab,WSLS,2.0,-30.68581169494428,0.882973313331604,21.826450772496173,5.992983886926595e-13,4.302029194870371,4.950045709022811,0.0,0.0,0.0
610376b1eac709d4e78ce0ec,RWModel,0.0,-11.53156499603574,0.2567470669746399,0.0,1.0,2.506369755148156,0.0,0.0,0.0,0.0
610376b1eac709d4e78ce0ec,Bayes,1.0,-21.41619387618266,2.103665828704834,9.88462888014692,4.335420911161236e-14,3.767768693226527,2.186108154119422,0.0,0.0,0.0
610376b1eac709d4e78ce0ec,WSLS,2.0,-26.230792227666825,1.014872670173645,14.699227231631085,0.0,4.802874562819654,3.251616828144309,0.0,0.0,0.0
61044034c10d38548dce50dd,WSLS,0.0,-27.75255994405597,0.889693558216095,0.0,0.5585387748637712,4.6190723648647,0.0,0.0,0.0,0.0
61044034c10d38548dce50dd,RWModel,1.0,-28.392910417470148,1.1503596305847168,0.6403504734141734,0.4414612251362305,4.488544650213299,3.873282975705383,1.0,0.0,0.0
61044034c10d38548dce50dd,Bayes,2.0,-28.48299032868817,1.2432222366333008,0.7304303846322,0.0,3.9067036188602287,0.9732769662976462,0.0,0.0,0.0
6108246331ddbd855cc7bd71,RWModel,0.0,-15.877771410077637,0.6636086702346802,0.0,0.9999999999999816,3.156143343272343,0.0,0.0,0.0,0.0
6108246331ddbd855cc7bd71,WSLS,1.0,-24.358984774677083,0.9231765270233154,8.481213364599446,2.7755575615628914e-16,4.9258030875257095,3.8629370264516822,0.0,0.0,0.0
6108246331ddbd855cc7bd71,Bayes,2.0,-25.605065267998725,3.5597076416015625,9.727293857921088,1.8207657603852567e-14,3.74716198671955,1.7715991606071648,1.0,0.0,0.0
6108a18306b63543e21349de,WSLS,0.0,-36.34872642951086,0.9189412593841552,0.0,0.569625521336091,3.323333264223371,0.0,0.0,0.0,0.0
6108a18306b63543e21349de,Bayes,1.0,-36.48170608794317,1.351410150527954,0.1329796584323048,0.430374478663909,2.783565908642807,1.561860035959552,0.0,0.0,0.0
6108a18306b63543e21349de,RWModel,2.0,-38.1321426202686,1.6371785402297974,1.7834161907577333,0.0,2.7657416365479155,2.311686558748627,0.0,0.0,0.0
610a461594c84308409d30ca,WSLS,0.0,-33.24014758737758,0.9096249938011168,0.0,0.6268514462768028,3.89120606667558,0.0,0.0,0.0,0.0
610a461594c84308409d30ca,Bayes,1.0,-33.291351408232,1.4906102418899536,0.0512038208544254,0.0,3.361911301791862,1.5702867016772306,0.0,0.0,0.0
610a461594c84308409d30ca,RWModel,2.0,-34.06525728467386,1.3628499507904053,0.8251096972962841,0.3731485537231972,3.75061958827968,2.826461725860425,0.0,0.0,0.0
610ca1ebc287c0cb9a507a1f,RWModel,0.0,-37.06349854115524,1.2478450536727903,0.0,0.72752926835332,3.0070569567896586,0.0,0.0,0.0,0.0
610ca1ebc287c0cb9a507a1f,Bayes,1.0,-37.74415252963081,0.8792847990989685,0.6806539884755693,0.27247073164668,2.1440477063775973,1.755076188911742,0.0,0.0,0.0
610ca1ebc287c0cb9a507a1f,WSLS,2.0,-38.61034574778751,0.8135660886764526,1.5468472066322647,0.0,2.684614715589907,2.0752634868224,0.0,0.0,0.0
610d9a30265cd51b81b99381,Bayes,0.0,-12.767805650597438,1.0073386430740356,0.0,1.9506762335789771e-16,4.0745973324007725,0.0,0.0,0.0,0.0
610d9a30265cd51b81b99381,WSLS,1.0,-12.825062239076942,0.8659504055976868,0.0572565884795039,0.7876531419772147,4.958826322437365,1.105692253073315,0.0,0.0,0.0
610d9a30265cd51b81b99381,RWModel,2.0,-17.943534251074936,0.4813164174556732,5.175728600477498,0.212346858022785,2.8310156904318045,4.129688957124186,0.0,0.0,0.0
610e063896c52970e2c24bb5,RWModel,0.0,-13.110597229989809,0.5323572754859924,0.0,1.0,3.1557288145157663,0.0,0.0,0.0,0.0
610e063896c52970e2c24bb5,Bayes,1.0,-17.047481582849286,2.30981183052063,3.93688435285948,7.578937477603631e-13,3.5285523019109637,2.1187772880287885,0.0,0.0,0.0
610e063896c52970e2c24bb5,WSLS,2.0,-36.38337724469602,0.9545685648918152,23.27278001470621,0.0,3.2211553406007094,3.637597798822908,0.0,0.0,0.0
611376827b20d44bbbdc2ab6,Bayes,0.0,-37.73046929202974,1.0031533241271973,0.0,0.5919038479815368,2.1275772229098093,0.0,0.0,0.0,0.0
611376827b20d44bbbdc2ab6,WSLS,1.0,-37.9186608181335,0.838753879070282,0.1881915261037647,0.4080961520184631,2.8570050453196747,1.3935266224571656,0.0,0.0,0.0
611376827b20d44bbbdc2ab6,RWModel,2.0,-39.68189211527351,1.38706374168396,1.9514228232437745,0.0,2.105068021264735,1.2861672475991128,0.0,0.0,0.0
611437b724eeec3a7d0aa460,WSLS,0.0,-9.68204304453684,0.7868319749832153,0.0,1.0,4.634206151855603,0.0,0.0,0.0,0.0
611437b724eeec3a7d0aa460,Bayes,1.0,-10.576683523016982,0.815302848815918,0.8946404784801416,3.777533841287095e-13,4.23541767513558,0.5042806845826178,0.0,0.0,0.0
611437b724eeec3a7d0aa460,RWModel,2.0,-23.88465265093003,1.5682859420776367,14.202609606393189,0.0,5.1397140346101535,3.942961661548284,1.0,0.0,0.0
6115c8cbd1923433e1832a02,Bayes,0.0,-27.254320227075368,1.8411136865615845,0.0,0.9081655148414894,4.493694732796928,0.0,0.0,0.0,0.0
6115c8cbd1923433e1832a02,RWModel,1.0,-29.121663426747546,3.403753757476806,1.8673431996721772,0.0,4.546424216495672,1.7455903074864016,1.0,0.0,0.0
6115c8cbd1923433e1832a02,WSLS,2.0,-33.2460924461484,0.9177318811416626,5.991772219073027,0.0918344851585105,3.939806171509644,3.887948512919467,0.0,0.0,0.0
612517df29cd32c6632b4a44,Bayes,0.0,-20.267826080089435,1.657978057861328,0.0,0.0,4.312055581604534,0.0,0.0,0.0,0.0
612517df29cd32c6632b4a44,WSLS,1.0,-20.38456734269857,0.9508640170097352,0.116741262609139,0.6470154770818987,5.116891945999122,1.736242762775841,0.0,0.0,0.0
612517df29cd32c6632b4a44,RWModel,2.0,-22.646617015459924,1.6681734323501587,2.378790935370489,0.3529845229181013,4.7836171373101255,3.570798688687212,1.0,0.0,0.0
612c4ed97e5ab3956abfbe23,WSLS,0.0,-27.77148916386068,0.9144296646118164,0.0,1.0,4.665837478669756,0.0,0.0,0.0,0.0
612c4ed97e5ab3956abfbe23,Bayes,1.0,-29.00345480022952,1.1316533088684082,1.231965636368841,1.0152989560197057e-13,4.123273629213534,0.7507235523943472,0.0,0.0,0.0
612c4ed97e5ab3956abfbe23,RWModel,2.0,-35.11669473396614,1.483242392539978,7.345205570105463,0.0,3.56559184890641,3.196538869394806,0.0,0.0,0.0
613ae6b61656188ef8bd1c46,RWModel,0.0,-35.919043759995574,1.8491590023040767,0.0,0.7682232896177671,3.169882752002267,0.0,0.0,0.0,0.0
613ae6b61656188ef8bd1c46,Bayes,1.0,-36.74536395817995,0.8612806797027588,0.8263201981843771,0.2317767103822328,2.2147076880750918,1.7874662009917606,0.0,0.0,0.0
613ae6b61656188ef8bd1c46,WSLS,2.0,-38.05226343218237,0.9720456600189208,2.133219672186798,1.1102230246251563e-16,2.8747867465433203,2.2877218093614493,0.0,0.0,0.0
613fbd33d256b3944acab2f8,RWModel,0.0,-31.29999925494677,1.2944241762161257,0.0,0.7141082297115255,3.889157830900409,0.0,0.0,0.0,0.0
613fbd33d256b3944acab2f8,WSLS,1.0,-33.2768949274905,0.9473987221717834,1.976895672543734,0.2858917702884777,3.9146902069774896,3.081024485830005,0.0,0.0,0.0
613fbd33d256b3944acab2f8,Bayes,2.0,-34.09270022902638,1.3096165657043457,2.792700974079609,0.0,2.864627039215223,2.420149519343213,0.0,0.0,0.0
61476c09c1f4a670dd5293eb,RWModel,0.0,-9.946977220632109,0.3324428200721741,0.0,0.894090393095939,2.633431966811816,0.0,0.0,0.0,0.0
61476c09c1f4a670dd5293eb,Bayes,1.0,-11.32284970371984,1.192347526550293,1.3758724830877327,0.0,2.2957759788806453,1.640163188355824,0.0,0.0,0.0
61476c09c1f4a670dd5293eb,WSLS,2.0,-18.096100121852945,0.9379022121429444,8.149122901220835,0.105909606904061,5.185908714576287,5.073831774529078,0.0,0.0,0.0
614918a6dcc9c2fb0bde6331,RWModel,0.0,-35.130284067103375,1.4907437562942505,0.0,0.6749257817169646,3.3711356737805893,0.0,0.0,0.0,0.0
614918a6dcc9c2fb0bde6331,WSLS,1.0,-36.33091967925429,0.9016613960266112,1.2006356121509194,0.3250742182830352,3.312105881926484,2.654657346881454,0.0,0.0,0.0
614918a6dcc9c2fb0bde6331,Bayes,2.0,-37.30951505061239,1.2046771049499512,2.179230983509016,2.220446049250313e-16,2.5331338344707737,2.1323252126406373,0.0,0.0,0.0
614e149fccc6a53ae06dfcd2,RWModel,0.0,-9.04190724968634,1.4901442527770996,0.0,0.8059664794176075,3.221706729647112,0.0,1.0,0.0,0.0
614e149fccc6a53ae06dfcd2,Bayes,1.0,-11.83738733982318,2.141803741455078,2.795480090136841,0.1940335205827373,3.7021407683975074,3.371286074387553,1.0,0.0,0.0
614e149fccc6a53ae06dfcd2,WSLS,2.0,-33.32090181158856,0.992772936820984,24.27899456190222,0.0,3.96700572787729,4.74883123666426,0.0,0.0,0.0
6151e99643efef855fe4e0e2,RWModel,0.0,-19.9473826598419,1.3128198385238647,0.0,0.8313260291237243,4.579279003707341,0.0,1.0,0.0,0.0
6151e99643efef855fe4e0e2,Bayes,1.0,-22.004754051333293,1.6463623046875,2.057371391491394,0.0648773299650539,3.9528800993506823,2.680633998220362,0.0,0.0,0.0
6151e99643efef855fe4e0e2,WSLS,2.0,-26.101898880675435,0.8904526233673096,6.154516220833536,0.1037966409112216,4.795372371011064,4.247444970665452,0.0,0.0,0.0
61523f5edff0567aa388e752,RWModel,0.0,-9.988781797011804,0.4805887937545776,0.0,0.5262383203047967,2.800472041349824,0.0,0.0,0.0,0.0
61523f5edff0567aa388e752,Bayes,1.0,-10.114895699778572,1.0063800811767578,0.1261139027667681,0.4737616796952032,2.428313704434154,1.948256054815184,0.0,0.0,0.0
61523f5edff0567aa388e752,WSLS,2.0,-22.49578319350257,0.9770466089248656,12.507001396490772,1.1102230246251563e-16,5.032145745568979,5.346404586176824,0.0,0.0,0.0
6153a7dc02b0da61f715a154,RWModel,0.0,-35.05774189590011,1.6479003429412842,0.0,0.7705476770177839,3.679926220276556,0.0,1.0,0.0,0.0
6153a7dc02b0da61f715a154,Bayes,1.0,-36.94010492833331,1.015176773071289,1.8823630324332044,0.2294523229822154,2.595746708496213,2.7877975141402227,0.0,0.0,0.0
6153a7dc02b0da61f715a154,WSLS,2.0,-39.79435603553429,0.8141095042228699,4.7366141396341845,6.661338147750939e-16,2.152503928431544,3.279696560385972,0.0,0.0,0.0
61569ee5ec13f9d23135674e,RWModel,0.0,-18.845610492571154,1.2612392902374268,0.0,0.823418938922495,4.776297982339892,0.0,1.0,0.0,0.0
61569ee5ec13f9d23135674e,Bayes,1.0,-23.02643362665549,1.6599609851837158,4.180823134084335,0.0,3.866626228145832,3.1562331811042013,0.0,0.0,0.0
61569ee5ec13f9d23135674e,WSLS,2.0,-24.422822107793763,0.9854704737663268,5.577211615222609,0.176581061077505,4.934439727450534,4.4739755031126895,0.0,0.0,0.0
615b2716e0b4b77a886bdf23,Bayes,0.0,-41.31327158818021,0.8732462525367737,0.0,0.8095203305823497,0.3768746635296908,0.0,0.0,0.0,0.0
615b2716e0b4b77a886bdf23,RWModel,1.0,-41.57660074667193,0.4375655353069305,0.2633291584917139,0.1904796694176498,0.6865460611542067,0.9228593575897832,0.0,0.0,0.0
615b2716e0b4b77a886bdf23,WSLS,2.0,-42.24507557274774,0.181148886680603,0.931803984567523,4.440892098500626e-16,0.5782317510206522,0.9342620598751132,0.0,0.0,0.0
615d7e681c930db4365ca2d0,RWModel,0.0,-14.29957129899958,0.577401876449585,0.0,1.0,2.7864409299904613,0.0,0.0,0.0,0.0
615d7e681c930db4365ca2d0,Bayes,1.0,-19.45275574573316,1.700591802597046,5.153184446733576,7.177591854201637e-14,3.759471061912148,2.252371852198998,0.0,0.0,0.0
615d7e681c930db4365ca2d0,WSLS,2.0,-24.35853110975586,0.925756573677063,10.058959810756278,0.0,4.940939766240195,4.284102317533221,0.0,0.0,0.0
6234c5022749fad8f79fee49,RWModel,0.0,-34.75142162233533,1.3290482759475708,0.0,0.7782905973161871,3.636310900320193,0.0,0.0,0.0,0.0
6234c5022749fad8f79fee49,Bayes,1.0,-35.13555503357202,1.2653977870941162,0.3841334112366894,0.0,3.008202001075401,1.2241193249675415,0.0,0.0,0.0
6234c5022749fad8f79fee49,WSLS,2.0,-36.32560800481588,0.8971899151802063,1.5741863824805478,0.2217094026838129,3.290041190257743,2.3932255511822644,0.0,0.0,0.0
62352442c7330911ea65cdae,WSLS,0.0,-6.011988941463642,0.6607210040092468,0.0,0.9120914192111462,3.977986675452236,0.0,1.0,0.0,0.0
62352442c7330911ea65cdae,Bayes,1.0,-6.547137077373918,0.5779054760932922,0.5351481359102763,0.0,3.2580297432037155,0.7594714126030676,1.0,0.0,0.0
62352442c7330911ea65cdae,RWModel,2.0,-13.79257208405852,0.512146532535553,7.780583142594878,0.0879085807888537,2.7176516423396424,4.372423599479024,0.0,0.0,0.0
